, KOOTENAI - LIBBY DAM, KOOTENAI - AT LEONIA, NF FLATHEAD - NEAR COLUMBIA FALLS, MF FLATHEAD - NEAR WEST GLACIER, SF FLATHEAD - HUNGRY HORSE DAM, FLATHEAD - AT COLUMBIA FALLS, CLARK FORK - AT DEER LODGE, CLARK FORK - NR DRUMMOND, ROCK CREEK - NEAR CLINTON, BLACKFOOT - NEAR BONNER, CLARK FORK - ABOVE MISSOULA, BITTERROOT - NEAR MISSOULA, CLARK FORK - BELOW MISSOULA, ST. REGIS - NEAR ST. REGIS, CLARK FORK - AT ST REGIS, FLATHEAD - KERR DAM, CLARK FORK - NOXON RAPIDS DAM, CLARK FORK - CABINET GORGE DAM, PRIEST - NEAR PRIEST RIVER, PEND OREILLE - ALBENI FALLS DAM, COEUR D ALENE - COEUR D ALENE LAKE, SPOKANE - AT SPOKANE, SPOKANE - AT LONGLAKE, ST MARIES - NEAR SANTA, COLUMBIA - AT INTL BOUNDARY, KETTLE - AT LAURIER, COLUMBIA - GRAND COULEE DAM, COLUMBIA - CHIEF JOSEPH DAM, OKANOGAN - NEAR TONASKET, METHOW - NEAR PATEROS, COLUMBIA - WELLS DAM, CHELAN - LAKE CHELAN DAM, COLUMBIA - ROCKY REACH DAM, ENTIAT - NEAR ARDENVOIR, WENATCHEE - AT PESHASTIN, COLUMBIA - WANAPUM DAM, COLUMBIA - PRIEST RAPIDS DAM, YAKIMA - KEECHELUS LAKE, KACHESS - KACHESS DAM, YAKIMA - AT EASTON, CLE ELUM - CLE ELUM LAKE, TEANAWAY - BELOW FORKS, YAKIMA - AT UMTANUM, BUMPING - BUMPING LAKE DAM, NACHES - NEAR CLIFFDEL, TIETON - RIMROCK LAKE NEAR RIMROCK, NACHES - NEAR NACHES, YAKIMA - NEAR PARKER, YAKIMA - AT KIONA, HENRYS FORK - ISLAND PARK DAM, FALL RIVER - NEAR CHESTER, HENRYS FORK - AT ST. ANTHONY, TETON - NEAR ST. ANTHONY, HENRYS FORK - AT REXBURG, SNAKE - JACKSON LAKE AT DAM, SNAKE - NEAR JACKSON, SNAKE - NEAR ALPINE, SF SNAKE - PALISADES DAM, SNAKE - NEAR HEISE, WILLOW CREEK - RIRIE DAM, SNAKE - AB EAGLE ROCK NR IDAHO FALLS, SNAKE - NEAR SHELLEY, SNAKE - AT BLACKFOOT, SNAKE - NEAR BLACKFOOT, PORTNEUF - AT POCATELLO, SNAKE - AMERICAN FALLS RESERVOIR, SNAKE - AT MILNER, BRUNEAU - NEAR HOT SPRINGS, SNAKE - BELOW SWAN FALLS, BIG LOST - AT HOWELL RANCH NEAR CHILLY, BIG LOST - MACKAY RESERVOIR NEAR MACKAY, BIG WOOD - AT HAILEY, BIG WOOD - MAGIC DAM, LITTLE WOOD - LITTLE WOOD DAM, OWYHEE - BELOW OWYHEE DAM, SF BOISE - ANDERSON RANCH DAM, BOISE - LUCKY PEAK DAM, BOISE - AT GLENWOOD BRIDGE, BOISE - NEAR PARMA, MALHEUR - WARM SPRINGS DAM, MALHEUR - AGENCY VALLEY DAM, BULLY CREEK - BULLY CREEK DAM, MALHEUR - NEAR VALE, NF PAYETTE - CASCADE DAM, DEADWOOD - NEAR LOWMAN, PAYETTE - NEAR EMMETT, WEISER - NEAR WEISER, SNAKE - AT WEISER, SNAKE - BROWNLEE DAM, SALMON - AT WHITEBIRD, GRANDE RONDE - TROY, SNAKE - NEAR ANATONE, CLEARWATER - AT OROFINO, NF CLEARWATER - DWORSHAK DAM, CLEARWATER - AT SPALDING, SNAKE - LOWER GRANITE DAM, SNAKE - LITTLE GOOSE DAM, SNAKE - LOWER MONUMENTAL DAM, SNAKE - ICE HARBOR DAM, WALLA WALLA - NEAR TOUCHET, COLUMBIA - MCNARY DAM, UMATILLA - NEAR GIBBON, UMATILLA - AT PENDLETON, MCKAY CREEK - NEAR PILOT ROCK, UMATILLA - NEAR UMATILLA, NF JOHN DAY - AT MONUMENT, JOHN DAY - AT SERVICE CK, COLUMBIA - JOHN DAY DAM, DESCHUTES - AT MOODY NR BIGGS, COLUMBIA - THE DALLES DAM, KLICKITAT - NEAR PITT, HOOD - NEAR TUCKER BRIDGE, WHITE SALMON - NEAR UNDERWOOD, COLUMBIA - BONNEVILLE DAM
2015-03-03, 4502, 6530, , 1448, , , , , 296, , , , , 478, 5188, 10613, 20239, , 2094, , , 8488, 10181, 154, 100696, 2633, , , 2339, 1219, 145776, , 144762, , 2421, 143695, 142962, 176, 224, , , 248, 1744, , , 398, 1237, 3362, 4521, 342, , , 394, 1333, 448, 1457, , 2766, , 33, 3454, 3480, 2946, , 196, , 1385, 129, 7656, 78, 145, , 316, 82, 573, , 1719, , 911, 186, , , 68, , , , 512, 12000, , 5908, 2482, , 6379, , 11674, 36236, 34516, 34960, 34960, 552, 189939, , 491, 261, 276, 967, 1680, 188237, 5403, 190344, 1914, , 1279, 
2015-03-04, 4426, 6334, , 1401, , , , , 290, , , , , 459, 4978, 9708, 19725, , 2041, , , 7391, 8538, 150, 96033, 2476, , , 2314, 1167, 143932, , 145874, , 2360, 148190, 148194, 161, 205, , , 228, 1685, , , 366, 1191, 3138, 4272, 340, , , 389, 1356, 447, 1449, , 2732, , 33, 3486, 3482, 2935, , 196, , 1276, 126, 7738, 78, 145, , 276, 80, 713, , 1704, , 982, 174, , , 67, , , , 505, 12130, , 5769, 2379, , 6156, , 10432, 35314, 33828, 34262, 34262, 531, 189061, , 464, 235, 272, 896, 1629, 186518, 5304, 187866, 1847, , 1225, 
2015-03-05, 4359, 6224, , 1359, , , , , 285, , , , , 440, 4750, 9503, 18954, , 1992, , , 5079, 6578, 146, 94411, 2332, , , 2256, 1116, 143836, , 146451, , 2301, 148735, 148724, 149, 187, , , 210, 1618, , , 346, 1150, 2909, 4021, 336, , , 384, 1332, 445, 1442, , 2708, , 33, 3500, 3490, 2973, , 194, , 1166, 123, 7528, 77, 143, , 248, 77, 630, , 1691, , 1049, 169, , , 67, , , , 480, 11932, , 5641, 2284, , 5813, , 10108, 34715, 33462, 33886, 33886, 514, 189437, , 436, 210, 249, 835, 1548, 188474, 5278, 189958, 1792, , 1178, 
2015-03-06, 4282, 6135, , 1317, , , , , 280, , , , , 422, 4534, 9394, 18429, , 1946, , , 4343, 5600, 156, 93361, 2190, , , 2182, 1064, 143710, , 146315, , 2245, 148587, 148595, 140, 179, , , 194, 1557, , , 332, 1128, 2740, 3774, 334, , , 380, 1268, 444, 1437, , 2688, , 33, 3466, 3449, 2984, , 196, , 1056, 125, 7403, 76, 142, , 229, 75, 466, , 1682, , 1114, 173, , , 67, , , , 454, 11868, , 5521, 2191, , 5495, , 9766, 33559, 32538, 32952, 32952, 503, 188611, , 409, 194, 223, 882, 1551, 188634, 5260, 190131, 1725, , 1136, 
2015-03-07, 4219, 6090, , 1274, , , , , 277, , , , , 406, 4334, 9339, 18102, , 1917, , , 3618, 4575, 197, 93728, 2058, , , 2112, 1018, 140532, , 143840, , 2214, 146874, 147079, 136, 183, , , 178, 1529, , , 336, 1117, 2618, 3571, 331, , , 380, 1200, 442, 1432, , 2676, , 40, 3402, 3372, 2952, , 210, , 946, 132, 7316, 76, 142, , 216, 72, 500, , 1680, , 1177, 223, , , 67, , , , 452, 11691, , 5406, 2104, , 5203, , 9450, 32568, 31781, 32184, 32184, 489, 186864, , 394, 188, 202, 970, 1677, 187890, 5245, 189397, 1675, , 1098, 
2015-03-08, 4151, 6043, , 1235, , , , , 294, , , , , 395, 4216, 9330, 17948, , 1904, , , 3499, 4394, 183, 96516, 1946, , , 2049, 984, 131932, , 135008, , 2320, 138164, 138478, 138, 194, , , 164, 1564, , , 363, 1157, 2584, 3453, 329, , , 388, 1161, 442, 1435, , 2686, , 52, 3341, 3294, 2899, , 218, , 836, 141, 7236, 75, 140, , 246, 76, 586, , 1702, , 1243, 258, , , 66, , , , 540, 11710, , 5298, 2016, , 5032, , 9214, 30390, 29836, 30229, 30229, 476, 180494, , 422, 183, 199, 1099, 1862, 183868, 5230, 185628, 1637, , 1060, 
2015-03-09, 4083, 6110, , 1199, , , , , 318, , , , , 409, 4219, 9320, 17906, , 1898, , , 3488, 4341, 159, 97642, 1860, , , 1992, 1015, 128378, , 131106, , 2530, 133820, 133920, 142, 202, , , 152, 1562, , , 403, 1309, 2663, 3483, 330, , , 395, 1160, 441, 1440, , 2706, , 61, 3319, 3246, 2858, , 229, , 727, 156, 7159, 74, 139, , 340, 82, 613, , 1721, , 1309, 243, , , 66, , , , 734, 11954, , 5200, 2124, , 5040, , 9173, 30414, 30093, 30477, 30477, 482, 171880, , 442, 172, 230, 1613, 2328, 175800, 5223, 177483, 1610, , 1030, 
2015-03-10,4028.0,6297.0,1243.0,1162.0,2290.0,5869.0,240.0,690.0,321.0,1034.0,2144.0,1432.0,3611.0,436.0,4198.0,9362.0,17910.0,20081.0,1892.0,22598.0,6007.0,3540.0,4357.0,156.0,98216.0,1830.0,94138.0,137318.0,1943.0,1206.0,128465.0,1999.0,131190.0,298.0,2651.0,133815.0,133805.0,144.0,208.0,333.0,716.0,173.0,1535.0,200.0,639.0,450.0,1442.0,2758.0,3604.0,332.0,476.0,1335.0,392.0,1191.0,440.0,1442.0,1790.0,2718.0,2816.0,64.0,3350.0,3252.0,2860.0,3140.0,240.0,5748.0,617.0,183.0,7095.0,74.0,138.0,221.0,431.0,82.0,634.0,792.0,1732.0,265.0,1373.0,226.0,161.0,93.0,66.0,635.0,114.0,1655.0,875.0,12211.0,12306.0,5152.0,2616.0,21155.0,5295.0,3524.0,9312.0,31383.0,31296.0,31672.0,31672.0,507.0,169908.0,144.0,450.0,165.0,260.0,2108.0,2792.0,174317.0,5248.0,175787.0,1596.0,667.0,1010.0,200748.0
2015-03-11,3958.0,6432.0,1240.0,1130.0,2751.0,5880.0,235.0,710.0,306.0,1152.0,2302.0,1700.0,4028.0,483.0,4198.0,9396.0,17914.0,20164.0,1895.0,22896.0,6088.0,3750.0,4492.0,164.0,97835.0,1812.0,91752.0,134998.0,1912.0,1317.0,128555.0,2487.0,131271.0,346.0,2511.0,133810.0,133816.0,148.0,218.0,346.0,1015.0,195.0,1524.0,275.0,739.0,494.0,1545.0,2808.0,3728.0,333.0,502.0,1380.0,394.0,1210.0,439.0,1443.0,1801.0,2729.0,2827.0,83.0,3396.0,3285.0,2906.0,3116.0,248.0,5699.0,508.0,214.0,7038.0,73.0,136.0,265.0,500.0,88.0,623.0,943.0,1747.0,264.0,1436.0,204.0,148.0,79.0,66.0,694.0,127.0,1745.0,1018.0,12428.0,12257.0,5211.0,2794.0,23148.0,5770.0,3786.0,9771.0,32650.0,32650.0,33017.0,33017.0,542.0,171280.0,176.0,449.0,159.0,278.0,2435.0,3144.0,176846.0,5290.0,178292.0,1602.0,694.0,992.0,197506.0
2015-03-12,3922.0,6772.0,1422.0,1098.0,3897.0,6164.0,248.0,756.0,310.0,1415.0,2713.0,2256.0,4989.0,589.0,4299.0,9488.0,18158.0,20778.0,1918.0,23874.0,7245.0,4280.0,4904.0,190.0,97588.0,1822.0,92692.0,127498.0,1919.0,1284.0,126326.0,3597.0,129221.0,612.0,2838.0,132276.0,132361.0,213.0,310.0,378.0,1583.0,258.0,1553.0,541.0,916.0,579.0,1654.0,2876.0,3844.0,337.0,536.0,1562.0,407.0,1246.0,444.0,1454.0,1928.0,2756.0,2843.0,102.0,3430.0,3304.0,2957.0,3122.0,257.0,5708.0,398.0,243.0,6982.0,72.0,136.0,328.0,602.0,91.0,538.0,1370.0,1781.0,264.0,1502.0,201.0,221.0,122.0,66.0,1423.0,186.0,2037.0,1180.0,12715.0,12625.0,5509.0,2914.0,25048.0,6506.0,5046.0,9010.0,32742.0,32742.0,33101.0,33101.0,608.0,171545.0,376.0,453.0,154.0,292.0,2516.0,3346.0,178651.0,5345.0,180233.0,1622.0,792.0,974.0,201357.0
2015-03-13,3952.0,7151.0,1685.0,1066.0,5184.0,6692.0,269.0,804.0,313.0,1711.0,3214.0,3141.0,6367.0,647.0,4520.0,9664.0,18534.0,22262.0,1942.0,25272.0,10486.0,5348.0,5802.0,214.0,97549.0,1846.0,94648.0,101249.0,1979.0,1258.0,126431.0,4549.0,129026.0,784.0,3664.0,132516.0,132460.0,236.0,366.0,380.0,1750.0,322.0,1704.0,517.0,1013.0,586.0,1775.0,3038.0,3936.0,342.0,594.0,1870.0,411.0,1352.0,451.0,1452.0,2127.0,2800.0,2883.0,81.0,3508.0,3351.0,3009.0,3159.0,264.0,5768.0,288.0,258.0,6915.0,72.0,136.0,376.0,670.0,89.0,452.0,1934.0,1792.0,268.0,1578.0,239.0,336.0,112.0,66.0,1378.0,260.0,3011.0,1322.0,13057.0,14032.0,6005.0,2920.0,28309.0,7297.0,7638.0,9640.0,34290.0,34290.0,34641.0,34641.0,701.0,170907.0,537.0,507.0,151.0,310.0,2314.0,3245.0,178678.0,5474.0,180392.0,1637.0,821.0,984.0,204090.0
2015-03-14,3985.0,7198.0,1922.0,1039.0,5304.0,7152.0,279.0,814.0,295.0,1898.0,3470.0,3648.0,7122.0,603.0,4651.0,9753.0,18695.0,24396.0,1940.0,26877.0,11682.0,6091.0,6756.0,216.0,97279.0,1839.0,98152.0,92999.0,2176.0,1214.0,127384.0,4139.0,129994.0,807.0,3307.0,133300.0,133290.0,231.0,312.0,365.0,1589.0,273.0,1803.0,404.0,1046.0,551.0,1746.0,3191.0,4051.0,340.0,652.0,1988.0,399.0,1415.0,444.0,1442.0,2180.0,2756.0,2920.0,70.0,3633.0,3462.0,3117.0,3304.0,258.0,5894.0,178.0,257.0,6832.0,71.0,134.0,388.0,588.0,86.0,465.0,1849.0,1754.0,282.0,1677.0,235.0,293.0,86.0,66.0,1156.0,244.0,3161.0,1301.0,13170.0,16002.0,6410.0,2527.0,30152.0,7213.0,7718.0,9783.0,34784.0,34784.0,35126.0,35126.0,719.0,172769.0,470.0,574.0,156.0,362.0,1997.0,2946.0,181117.0,5567.0,182869.0,1608.0,728.0,1003.0,192018.0
2015-03-15,3987.0,6989.0,2202.0,1009.0,5644.0,7601.0,292.0,833.0,277.0,2034.0,3596.0,3758.0,7355.0,551.0,4568.0,9682.0,18463.0,25476.0,1936.0,28896.0,11480.0,5945.0,6822.0,253.0,96592.0,1816.0,110548.0,92999.0,2361.0,1149.0,127207.0,6117.0,129894.0,1033.0,2858.0,132862.0,132894.0,229.0,293.0,487.0,2317.0,265.0,1771.0,720.0,1390.0,522.0,1690.0,3076.0,4161.0,336.0,742.0,2146.0,392.0,1391.0,440.0,1436.0,2266.0,2720.0,2943.0,68.0,3674.0,3508.0,3230.0,3608.0,247.0,6158.0,68.0,251.0,6741.0,71.0,133.0,433.0,474.0,84.0,605.0,2113.0,1787.0,297.0,1780.0,290.0,302.0,68.0,66.0,1538.0,306.0,3101.0,1226.0,13126.0,16370.0,6511.0,2252.0,29464.0,6663.0,8149.0,9268.0,34248.0,34248.0,34584.0,34584.0,698.0,172932.0,522.0,644.0,220.0,432.0,1795.0,2631.0,181899.0,5682.0,183878.0,1569.0,852.0,1103.0,182738.0
2015-03-16,3986.0,6784.0,2905.0,984.0,6715.0,8807.0,330.0,924.0,268.0,2316.0,4028.0,4301.0,8329.0,522.0,4404.0,9620.0,18104.0,26834.0,1943.0,30819.0,15034.0,5517.0,6341.0,294.0,95644.0,1803.0,116584.0,92874.0,2312.0,1104.0,120626.0,7624.0,124630.0,1134.0,3064.0,129210.0,127000.0,242.0,299.0,524.0,2431.0,272.0,1770.0,825.0,1975.0,488.0,1670.0,2965.0,4129.0,334.0,889.0,2463.0,388.0,1348.0,439.0,1434.0,2426.0,2706.0,2966.0,69.0,3638.0,3465.0,3258.0,3874.0,237.0,6514.0,0.0,244.0,6652.0,71.0,133.0,484.0,398.0,82.0,698.0,2444.0,1876.0,312.0,1880.0,360.0,397.0,55.0,66.0,2118.0,402.0,3846.0,1242.0,13086.0,17311.0,6477.0,2179.0,32840.0,6236.0,13075.0,8770.0,33511.0,33511.0,33841.0,33841.0,741.0,171438.0,818.0,764.0,279.0,516.0,1918.0,2679.0,180630.0,5786.0,182770.0,1691.0,1226.0,1201.0,186422.0
2015-03-17,4000.0,6715.0,2796.0,962.0,6510.0,9069.0,343.0,978.0,269.0,2542.0,4530.0,5412.0,9941.0,508.0,4279.0,9568.0,17806.0,28764.0,1964.0,31724.0,17764.0,5684.0,6352.0,316.0,94781.0,1802.0,118891.0,118602.0,2214.0,1095.0,107188.0,5215.0,110101.0,892.0,3193.0,114228.0,101128.0,257.0,310.0,420.0,1734.0,272.0,1808.0,577.0,2008.0,463.0,1664.0,2933.0,4029.0,334.0,972.0,2719.0,386.0,1330.0,436.0,1429.0,2587.0,2710.0,2994.0,71.0,3601.0,3414.0,3220.0,4065.0,243.0,6795.0,0.0,238.0,6558.0,70.0,131.0,524.0,364.0,82.0,732.0,2372.0,1983.0,314.0,1976.0,386.0,378.0,47.0,65.0,1538.0,377.0,4488.0,1276.0,13190.0,19373.0,6438.0,2214.0,36202.0,6211.0,14056.0,8511.0,33229.0,33229.0,33552.0,33552.0,742.0,154590.0,748.0,789.0,287.0,635.0,2017.0,2840.0,167771.0,5828.0,170783.0,1830.0,1071.0,1202.0,196755.0
2015-03-18,4036.0,6665.0,2195.0,960.0,4980.0,8292.0,316.0,846.0,272.0,2422.0,4221.0,5064.0,9285.0,494.0,4170.0,9522.0,17527.0,29631.0,1966.0,32152.0,15309.0,6044.0,6712.0,340.0,94089.0,1792.0,120502.0,120442.0,2124.0,1090.0,106688.0,3898.0,109354.0,696.0,2962.0,112400.0,98584.0,250.0,299.0,392.0,1324.0,274.0,1783.0,457.0,1675.0,444.0,1633.0,2824.0,3917.0,336.0,1010.0,2645.0,384.0,1332.0,434.0,1421.0,2597.0,2704.0,3009.0,71.0,3598.0,3393.0,3188.0,4335.0,256.0,7018.0,0.0,232.0,6472.0,69.0,128.0,536.0,348.0,82.0,912.0,2036.0,2039.0,313.0,2054.0,385.0,300.0,40.0,60.0,1264.0,317.0,4113.0,1210.0,13154.0,19713.0,6390.0,2096.0,35376.0,6355.0,10569.0,8376.0,32973.0,32973.0,33288.0,33288.0,700.0,137773.0,580.0,768.0,316.0,638.0,2017.0,2857.0,147948.0,5860.0,150493.0,1928.0,864.0,1204.0,217400.0
2015-03-19,4044.0,6576.0,1965.0,958.0,4234.0,7863.0,303.0,767.0,271.0,2252.0,3757.0,4154.0,7912.0,477.0,4074.0,9470.0,17234.0,28346.0,1965.0,31220.0,11300.0,6065.0,6837.0,289.0,93220.0,1781.0,120224.0,120275.0,2050.0,1082.0,105948.0,3325.0,108654.0,566.0,2850.0,111625.0,97818.0,270.0,314.0,404.0,1196.0,310.0,1762.0,404.0,1470.0,446.0,1682.0,2684.0,3776.0,336.0,1044.0,2578.0,379.0,1322.0,434.0,1412.0,2620.0,2701.0,3038.0,71.0,3614.0,3399.0,3180.0,4690.0,262.0,7352.0,0.0,225.0,6410.0,69.0,126.0,539.0,338.0,82.0,1044.0,1944.0,2082.0,312.0,2130.0,392.0,247.0,37.0,54.0,1197.0,300.0,3807.0,1185.0,13075.0,18882.0,6290.0,2042.0,35705.0,6328.0,8268.0,8382.0,32683.0,32683.0,32992.0,32992.0,658.0,135988.0,474.0,769.0,287.0,630.0,1979.0,2812.0,145247.0,5911.0,147487.0,1976.0,763.0,1236.0,215436.0
2015-03-20,4054.0,6522.0,1881.0,963.0,4072.0,7668.0,294.0,740.0,273.0,2124.0,3501.0,3609.0,7110.0,475.0,4014.0,9439.0,17014.0,26578.0,1959.0,29845.0,9211.0,5962.0,6730.0,270.0,92520.0,1769.0,120228.0,120124.0,1986.0,1081.0,104986.0,3290.0,107681.0,506.0,2836.0,110633.0,96827.0,285.0,317.0,443.0,1188.0,352.0,1842.0,383.0,1328.0,446.0,1705.0,2720.0,3643.0,337.0,1058.0,2516.0,375.0,1323.0,434.0,1406.0,2592.0,2698.0,3047.0,74.0,3622.0,3396.0,3167.0,4864.0,270.0,7634.0,0.0,226.0,6382.0,69.0,124.0,540.0,353.0,84.0,971.0,1856.0,2159.0,310.0,2206.0,365.0,218.0,35.0,48.0,1112.0,294.0,3742.0,1206.0,13103.0,18241.0,6191.0,2235.0,34733.0,6309.0,7802.0,8343.0,32516.0,32516.0,32819.0,32819.0,644.0,134691.0,424.0,694.0,289.0,614.0,2064.0,2894.0,143942.0,5971.0,146234.0,1938.0,775.0,1256.0,206939.0
2015-03-21,4068.0,6544.0,1832.0,975.0,3973.0,7548.0,286.0,725.0,279.0,2051.0,3398.0,3205.0,6602.0,478.0,3980.0,9448.0,16876.0,25460.0,1948.0,28547.0,8650.0,6007.0,6727.0,262.0,91622.0,1768.0,120832.0,120889.0,1929.0,1085.0,104130.0,3166.0,106818.0,476.0,2814.0,109749.0,101133.0,278.0,304.0,451.0,1043.0,346.0,1865.0,354.0,1206.0,435.0,1640.0,2633.0,3580.0,339.0,1030.0,2398.0,374.0,1315.0,433.0,1397.0,2506.0,2695.0,3049.0,74.0,3636.0,3400.0,3153.0,4900.0,274.0,7717.0,0.0,241.0,6383.0,68.0,122.0,536.0,446.0,84.0,910.0,1682.0,2248.0,314.0,2283.0,258.0,197.0,34.0,42.0,1137.0,284.0,3600.0,1182.0,13144.0,17559.0,6114.0,2466.0,34006.0,6512.0,7385.0,8528.0,32658.0,32658.0,32954.0,32954.0,630.0,133980.0,382.0,632.0,275.0,542.0,2108.0,2990.0,142981.0,6013.0,145272.0,1900.0,817.0,1223.0,200300.0
2015-03-22,4083.0,6544.0,1838.0,988.0,3822.0,7500.0,282.0,712.0,279.0,1970.0,3296.0,2893.0,6189.0,478.0,3961.0,9456.0,16720.0,24690.0,1928.0,27715.0,8462.0,6170.0,6884.0,227.0,88552.0,1778.0,119468.0,119666.0,1874.0,1092.0,102550.0,2980.0,105372.0,442.0,2773.0,108422.0,108503.0,286.0,302.0,471.0,946.0,360.0,1844.0,329.0,1096.0,420.0,1577.0,2460.0,3472.0,341.0,1005.0,2302.0,371.0,1313.0,432.0,1390.0,2452.0,2684.0,3061.0,77.0,3643.0,3396.0,3138.0,4860.0,278.0,7712.0,0.0,277.0,6408.0,67.0,118.0,528.0,534.0,86.0,829.0,1549.0,2316.0,378.0,2358.0,206.0,176.0,33.0,30.0,1138.0,270.0,3387.0,1240.0,13199.0,16926.0,6038.0,2603.0,33572.0,6639.0,6658.0,8713.0,32816.0,32816.0,33108.0,33108.0,630.0,142702.0,366.0,584.0,255.0,480.0,2042.0,2924.0,149986.0,6059.0,151876.0,1936.0,972.0,1244.0,202210.0
2015-03-23,4100.0,6543.0,1808.0,1008.0,3754.0,7440.0,276.0,699.0,279.0,1888.0,3201.0,2675.0,5876.0,490.0,3952.0,9472.0,16529.0,24028.0,1935.0,27205.0,8406.0,6227.0,6960.0,228.0,85689.0,1782.0,117980.0,118146.0,1823.0,1106.0,98640.0,3074.0,101514.0,426.0,2812.0,104770.0,104930.0,301.0,328.0,507.0,915.0,383.0,1893.0,353.0,1063.0,423.0,1529.0,2338.0,3309.0,346.0,996.0,2280.0,372.0,1304.0,432.0,1388.0,2440.0,2685.0,3070.0,79.0,3652.0,3398.0,3124.0,4767.0,271.0,7647.0,0.0,322.0,6451.0,67.0,116.0,523.0,620.0,89.0,730.0,1512.0,2409.0,462.0,2430.0,184.0,166.0,33.0,23.0,1185.0,267.0,3314.0,1340.0,13337.0,16502.0,5996.0,2859.0,33299.0,6732.0,6386.0,8841.0,33138.0,33138.0,33422.0,33422.0,662.0,144542.0,389.0,579.0,272.0,446.0,2146.0,2856.0,153670.0,6138.0,156124.0,2018.0,1122.0,1317.0,203866.0
2015-03-24,4122.0,6601.0,1755.0,1022.0,3624.0,7342.0,272.0,689.0,285.0,1816.0,3118.0,2491.0,5609.0,514.0,3998.0,9491.0,16437.0,23588.0,1940.0,26850.0,8401.0,6283.0,7015.0,234.0,85124.0,1797.0,117006.0,117107.0,1776.0,1126.0,97571.0,3344.0,100227.0,422.0,3032.0,103301.0,103320.0,310.0,334.0,511.0,889.0,404.0,1988.0,351.0,1068.0,421.0,1512.0,2354.0,3212.0,352.0,993.0,2296.0,370.0,1319.0,440.0,1386.0,2445.0,2713.0,3066.0,80.0,3658.0,3390.0,3104.0,4644.0,259.0,7520.0,0.0,345.0,6483.0,67.0,114.0,520.0,682.0,95.0,783.0,1474.0,2483.0,544.0,2504.0,175.0,166.0,32.0,16.0,1198.0,268.0,3374.0,1498.0,13636.0,16447.0,6053.0,3034.0,33093.0,6824.0,6244.0,8990.0,33810.0,33810.0,34092.0,34092.0,702.0,141782.0,393.0,632.0,283.0,444.0,2361.0,3123.0,150890.0,6263.0,153485.0,2125.0,1284.0,1346.0,200042.0
2015-03-25,4151.0,6692.0,1738.0,1031.0,3487.0,7263.0,268.0,682.0,299.0,1752.0,3048.0,2313.0,5361.0,530.0,4043.0,9491.0,16425.0,23278.0,1926.0,26549.0,8481.0,6436.0,7146.0,272.0,84779.0,1821.0,116318.0,116396.0,1736.0,1153.0,97232.0,3370.0,99860.0,413.0,3001.0,102908.0,102924.0,314.0,334.0,528.0,849.0,406.0,2010.0,314.0,1020.0,410.0,1518.0,2362.0,3209.0,354.0,987.0,2306.0,385.0,1344.0,442.0,1384.0,2440.0,2731.0,3063.0,82.0,3683.0,3402.0,3092.0,4544.0,270.0,7392.0,0.0,340.0,6476.0,67.0,113.0,518.0,638.0,101.0,926.0,1423.0,2546.0,628.0,2580.0,169.0,169.0,32.0,14.0,1165.0,262.0,3370.0,1539.0,13925.0,16498.0,6114.0,2958.0,32836.0,6828.0,6241.0,8992.0,34522.0,34522.0,34797.0,34797.0,712.0,141516.0,414.0,717.0,301.0,506.0,2427.0,3211.0,150456.0,6318.0,153007.0,2158.0,1297.0,1348.0,197166.0
2015-03-26,4180.0,6750.0,1721.0,1045.0,3367.0,7212.0,263.0,674.0,311.0,1687.0,2976.0,2131.0,5107.0,531.0,4054.0,9498.0,16392.0,22932.0,1910.0,26126.0,8510.0,6518.0,7244.0,267.0,84402.0,1832.0,115762.0,115832.0,1702.0,1165.0,96991.0,3126.0,99626.0,402.0,2886.0,102565.0,102581.0,303.0,323.0,541.0,798.0,384.0,2013.0,290.0,969.0,406.0,1487.0,2310.0,3189.0,355.0,978.0,2297.0,394.0,1358.0,444.0,1378.0,2430.0,2742.0,3061.0,84.0,3713.0,3422.0,3094.0,4494.0,286.0,7297.0,0.0,379.0,6499.0,66.0,110.0,518.0,632.0,106.0,958.0,1392.0,2620.0,711.0,2656.0,166.0,172.0,58.0,18.0,1157.0,255.0,3302.0,1580.0,14040.0,16426.0,6141.0,2860.0,32721.0,6787.0,6077.0,8949.0,34866.0,34866.0,35136.0,35136.0,758.0,141798.0,458.0,835.0,317.0,609.0,2422.0,3203.0,150804.0,6333.0,153364.0,2144.0,1343.0,1332.0,195196.0
2015-03-27,4189.0,6762.0,1670.0,1052.0,3265.0,7120.0,260.0,664.0,321.0,1622.0,2900.0,1957.0,4857.0,531.0,4039.0,9498.0,16332.0,22528.0,1892.0,25900.0,8559.0,6589.0,7317.0,250.0,83902.0,1842.0,115193.0,115262.0,1666.0,1154.0,96575.0,2934.0,99217.0,392.0,2850.0,102126.0,102145.0,330.0,336.0,591.0,780.0,400.0,2025.0,296.0,945.0,406.0,1458.0,2234.0,3106.0,359.0,974.0,2306.0,389.0,1362.0,446.0,1374.0,2420.0,2746.0,3059.0,84.0,3728.0,3431.0,3094.0,4458.0,292.0,7236.0,0.0,422.0,6543.0,65.0,108.0,518.0,694.0,113.0,1012.0,1350.0,2692.0,794.0,2732.0,171.0,171.0,67.0,21.0,1134.0,250.0,3265.0,1584.0,14140.0,16384.0,6196.0,3024.0,32381.0,6764.0,5818.0,8948.0,35041.0,35041.0,35307.0,35307.0,806.0,141598.0,472.0,945.0,342.0,740.0,2468.0,3278.0,150767.0,6348.0,153350.0,2242.0,1438.0,1372.0,193968.0
2015-03-28,4200.0,6786.0,1612.0,1072.0,3173.0,7037.0,255.0,658.0,333.0,1566.0,2837.0,1832.0,4670.0,529.0,4054.0,9477.0,16252.0,22183.0,1885.0,25689.0,8816.0,6686.0,7411.0,333.0,83052.0,1854.0,114269.0,114545.0,1619.0,1147.0,96073.0,2798.0,98720.0,382.0,2825.0,101620.0,101642.0,330.0,332.0,600.0,746.0,407.0,2103.0,322.0,962.0,408.0,1451.0,2238.0,3014.0,364.0,970.0,2318.0,389.0,1366.0,448.0,1366.0,2409.0,2752.0,3061.0,83.0,3734.0,3437.0,3087.0,4416.0,292.0,7186.0,0.0,456.0,6579.0,65.0,106.0,514.0,678.0,109.0,1026.0,1283.0,2738.0,877.0,2809.0,175.0,171.0,55.0,23.0,1129.0,246.0,3194.0,1587.0,14255.0,16323.0,6266.0,3086.0,31897.0,6788.0,6020.0,8958.0,35212.0,35212.0,35472.0,35472.0,927.0,141324.0,513.0,982.0,331.0,851.0,2476.0,3373.0,150684.0,6361.0,153272.0,2302.0,1436.0,1380.0,194691.0
2015-03-29,4228.0,6794.0,1553.0,1083.0,3034.0,6948.0,252.0,649.0,338.0,1518.0,2778.0,1725.0,4503.0,521.0,4099.0,9426.0,16230.0,21932.0,1870.0,25372.0,8960.0,6601.0,7374.0,344.0,81510.0,1869.0,108690.0,109324.0,1565.0,1154.0,94461.0,2666.0,97206.0,375.0,2791.0,100238.0,100317.0,336.0,324.0,609.0,714.0,386.0,2106.0,296.0,935.0,394.0,1419.0,2213.0,2970.0,370.0,958.0,2309.0,387.0,1391.0,445.0,1356.0,2390.0,2756.0,3062.0,83.0,3748.0,3446.0,3079.0,4383.0,288.0,7152.0,0.0,469.0,6604.0,65.0,104.0,509.0,725.0,113.0,999.0,1214.0,2818.0,959.0,2885.0,169.0,184.0,46.0,27.0,1072.0,237.0,3108.0,1496.0,14308.0,16187.0,6274.0,3094.0,31530.0,6955.0,6245.0,9111.0,35577.0,37959.0,39636.0,39636.0,1077.0,142079.0,490.0,926.0,306.0,858.0,2329.0,3208.0,150986.0,6359.0,153516.0,2208.0,1404.0,1396.0,194662.0
2015-03-30,4238.0,6772.0,1538.0,1093.0,2902.0,6898.0,249.0,640.0,341.0,1457.0,2700.0,1607.0,4307.0,520.0,4077.0,9348.0,16157.0,21613.0,1856.0,25116.0,8815.0,6601.0,7343.0,283.0,81505.0,1908.0,107180.0,107288.0,1516.0,1158.0,93865.0,2640.0,96455.0,362.0,2767.0,99242.0,99255.0,348.0,324.0,628.0,705.0,402.0,2084.0,289.0,908.0,398.0,1372.0,2089.0,2924.0,373.0,933.0,2273.0,383.0,1384.0,439.0,1344.0,2360.0,2746.0,3077.0,83.0,3766.0,3467.0,3082.0,4365.0,286.0,7107.0,0.0,444.0,6594.0,65.0,102.0,505.0,781.0,116.0,1037.0,1159.0,2914.0,1042.0,2958.0,162.0,216.0,42.0,30.0,1093.0,228.0,2997.0,1440.0,14290.0,15925.0,6192.0,3068.0,30975.0,6863.0,5952.0,9090.0,35456.0,38632.0,41787.0,41787.0,1046.0,145303.0,484.0,882.0,306.0,791.0,2287.0,3098.0,154134.0,6390.0,156648.0,2235.0,1524.0,1426.0,193007.0
2015-03-31,4261.0,6827.0,1560.0,1134.0,2985.0,6917.0,244.0,633.0,354.0,1405.0,2640.0,1524.0,4164.0,545.0,4042.0,9301.0,16052.0,21316.0,1852.0,24940.0,9154.0,6823.0,7458.0,292.0,81592.0,2008.0,106589.0,106623.0,1470.0,1175.0,94031.0,2718.0,96590.0,362.0,2809.0,99355.0,99342.0,380.0,363.0,699.0,767.0,468.0,2145.0,282.0,897.0,399.0,1358.0,2044.0,2866.0,377.0,919.0,2240.0,385.0,1336.0,438.0,1339.0,2348.0,2740.0,3172.0,86.0,3759.0,3460.0,3074.0,4343.0,289.0,7077.0,0.0,421.0,6576.0,65.0,101.0,505.0,802.0,126.0,1146.0,1144.0,2996.0,1125.0,3025.0,158.0,190.0,48.0,30.0,1131.0,228.0,2957.0,1430.0,14326.0,15769.0,6105.0,3206.0,30428.0,6684.0,5948.0,8985.0,35287.0,38463.0,41756.0,41756.0,1055.0,144938.0,500.0,881.0,288.0,758.0,2332.0,3134.0,153898.0,6510.0,156632.0,2307.0,1652.0,1438.0,189848.0
2015-04-01,4312.0,6996.0,1638.0,1205.0,3146.0,7054.0,241.0,626.0,371.0,1384.0,2619.0,1477.0,4096.0,586.0,4093.0,9147.0,16046.0,21149.0,1845.0,24729.0,9943.0,8040.0,8366.0,293.0,76394.0,2194.0,105079.0,103506.0,1432.0,1212.0,92365.0,2826.0,95519.0,376.0,2838.0,98914.0,99036.0,381.0,378.0,691.0,745.0,505.0,2316.0,271.0,888.0,407.0,1357.0,2144.0,2832.0,385.0,896.0,2196.0,395.0,1294.0,447.0,1350.0,2354.0,2780.0,3302.0,92.0,3818.0,3501.0,3068.0,4318.0,273.0,7016.0,0.0,407.0,6571.0,64.0,98.0,511.0,744.0,128.0,1147.0,1166.0,3068.0,1207.0,3092.0,155.0,178.0,48.0,22.0,1168.0,229.0,2936.0,1413.0,14382.0,15697.0,6104.0,3458.0,30204.0,6787.0,6207.0,10480.0,37065.0,39178.0,42431.0,43972.0,1024.0,146213.0,502.0,911.0,288.0,767.0,2476.0,3158.0,154602.0,6520.0,157244.0,2192.0,1536.0,1370.0,188102.0
2015-04-02,4394.0,7170.0,1670.0,1254.0,3210.0,7166.0,239.0,620.0,378.0,1391.0,2614.0,1408.0,4022.0,615.0,4205.0,9452.0,16072.0,21034.0,1832.0,24542.0,9834.0,9090.0,9766.0,320.0,57433.0,2429.0,85238.0,81494.0,1409.0,1247.0,73242.0,2749.0,77530.0,379.0,2848.0,83036.0,83924.0,370.0,371.0,692.0,695.0,495.0,2369.0,255.0,859.0,418.0,1352.0,2193.0,2866.0,396.0,883.0,2163.0,394.0,1266.0,459.0,1381.0,2358.0,2851.0,3440.0,92.0,3924.0,3602.0,3126.0,4338.0,258.0,6970.0,0.0,394.0,6568.0,63.0,96.0,515.0,744.0,131.0,1119.0,1182.0,3158.0,1254.0,3162.0,155.0,174.0,43.0,15.0,1016.0,229.0,2885.0,1420.0,14445.0,15593.0,6104.0,3505.0,30453.0,7078.0,6687.0,11035.0,38614.0,39664.0,42866.0,45778.0,972.0,147399.0,487.0,923.0,300.0,797.0,2677.0,3345.0,157193.0,6484.0,159932.0,2074.0,1370.0,1303.0,187110.0
2015-04-03,4464.0,7294.0,1624.0,1272.0,3165.0,7126.0,236.0,616.0,389.0,1396.0,2608.0,1340.0,3948.0,638.0,4337.0,9668.0,16110.0,20977.0,1818.0,24573.0,9252.0,9152.0,9856.0,348.0,57053.0,2688.0,79093.0,73204.0,1396.0,1255.0,66439.0,2608.0,69102.0,380.0,2860.0,72198.0,72336.0,364.0,345.0,692.0,624.0,473.0,2384.0,242.0,824.0,419.0,1319.0,2144.0,2910.0,407.0,875.0,2154.0,394.0,1267.0,468.0,1415.0,2354.0,2928.0,3585.0,90.0,4054.0,3726.0,3221.0,4382.0,255.0,6980.0,0.0,386.0,6570.0,63.0,94.0,513.0,829.0,124.0,1154.0,1130.0,3261.0,1279.0,3232.0,212.0,172.0,38.0,13.0,1014.0,228.0,2858.0,1423.0,14533.0,15504.0,6157.0,3338.0,30017.0,7330.0,7366.0,11295.0,38878.0,39403.0,41185.0,42317.0,872.0,134596.0,451.0,859.0,284.0,797.0,2545.0,3310.0,145676.0,6468.0,148839.0,2036.0,1228.0,1269.0,173941.0
2015-04-04,4512.0,7432.0,1583.0,1285.0,3092.0,7072.0,234.0,615.0,403.0,1388.0,2604.0,1292.0,3896.0,651.0,4456.0,9735.0,16188.0,20949.0,1805.0,24544.0,8782.0,8992.0,9847.0,309.0,57292.0,2944.0,77968.0,71854.0,1388.0,1245.0,66857.0,2519.0,69440.0,373.0,2825.0,72216.0,72198.0,362.0,336.0,696.0,582.0,443.0,2338.0,233.0,784.0,414.0,1279.0,2029.0,2887.0,416.0,861.0,2126.0,389.0,1270.0,475.0,1436.0,2344.0,2993.0,3732.0,90.0,4207.0,3875.0,3343.0,4446.0,250.0,7005.0,0.0,377.0,6574.0,63.0,92.0,510.0,890.0,121.0,1049.0,1092.0,3374.0,1304.0,3299.0,287.0,166.0,35.0,11.0,999.0,230.0,2816.0,1377.0,14586.0,15410.0,6190.0,3149.0,29479.0,7545.0,7182.0,12174.0,39669.0,39669.0,39970.0,39970.0,774.0,116966.0,391.0,734.0,242.0,696.0,2286.0,3049.0,127794.0,6462.0,131146.0,1972.0,1126.0,1224.0,153914.0
2015-04-05,4545.0,7544.0,1549.0,1300.0,3037.0,7010.0,230.0,612.0,408.0,1354.0,2566.0,1276.0,3842.0,668.0,4512.0,9747.0,16221.0,20820.0,1786.0,24396.0,8599.0,8539.0,9374.0,265.0,56848.0,3201.0,77474.0,71325.0,1387.0,1239.0,66785.0,2525.0,69438.0,377.0,2852.0,72312.0,72317.0,370.0,376.0,712.0,622.0,477.0,2260.0,231.0,759.0,414.0,1277.0,1875.0,2765.0,426.0,839.0,2065.0,385.0,1245.0,478.0,1455.0,2324.0,3039.0,3864.0,93.0,4350.0,4022.0,3480.0,4538.0,244.0,7039.0,0.0,362.0,6571.0,63.0,91.0,512.0,976.0,135.0,891.0,1087.0,3479.0,1330.0,3362.0,341.0,166.0,33.0,8.0,1040.0,238.0,2788.0,1407.0,14669.0,15262.0,6204.0,2988.0,28852.0,7542.0,7590.0,13261.0,40582.0,40582.0,40842.0,40842.0,706.0,116457.0,348.0,632.0,213.0,571.0,2149.0,2834.0,124617.0,6417.0,127176.0,1928.0,1000.0,1209.0,145748.0
2015-04-06,4607.0,7704.0,1591.0,1346.0,3195.0,7051.0,227.0,606.0,428.0,1334.0,2543.0,1252.0,3795.0,718.0,4600.0,9879.0,16297.0,20728.0,1780.0,24356.0,8479.0,8322.0,9105.0,265.0,52705.0,3517.0,77170.0,71000.0,1390.0,1258.0,64253.0,2677.0,67236.0,406.0,3007.0,70660.0,70785.0,411.0,416.0,738.0,735.0,545.0,2306.0,255.0,782.0,429.0,1324.0,1854.0,2596.0,443.0,828.0,2042.0,384.0,1218.0,489.0,1492.0,2327.0,3105.0,4002.0,102.0,4463.0,4138.0,3598.0,4616.0,242.0,7088.0,0.0,354.0,6575.0,63.0,90.0,510.0,1027.0,136.0,841.0,1127.0,3619.0,1356.0,3429.0,306.0,172.0,32.0,5.0,1082.0,256.0,2816.0,1435.0,14821.0,15132.0,6344.0,2934.0,28491.0,7638.0,8224.0,13295.0,40744.0,40744.0,40990.0,40990.0,669.0,116227.0,322.0,574.0,194.0,470.0,2156.0,2774.0,124411.0,6335.0,126956.0,1916.0,971.0,1232.0,143298.0
2015-04-07,4732.0,8072.0,1696.0,1454.0,3423.0,7233.0,223.0,596.0,456.0,1352.0,2574.0,1222.0,3796.0,776.0,4770.0,10222.0,16530.0,20793.0,1798.0,24464.0,8554.0,8527.0,9183.0,282.0,51600.0,3934.0,77170.0,70948.0,1408.0,1292.0,61727.0,2934.0,64482.0,443.0,3162.0,67788.0,67856.0,431.0,436.0,756.0,800.0,594.0,2424.0,255.0,803.0,441.0,1346.0,1943.0,2516.0,464.0,850.0,2136.0,389.0,1292.0,518.0,1553.0,2372.0,3247.0,4181.0,112.0,4604.0,4265.0,3699.0,4659.0,244.0,7128.0,0.0,349.0,6585.0,62.0,87.0,500.0,922.0,141.0,901.0,1204.0,3850.0,1381.0,3505.0,240.0,184.0,30.0,5.0,1200.0,287.0,2911.0,1572.0,15126.0,15071.0,6596.0,2996.0,28404.0,8532.0,8954.0,14014.0,42003.0,42003.0,42239.0,42239.0,670.0,114280.0,334.0,611.0,211.0,414.0,2385.0,2924.0,122572.0,6298.0,125128.0,1906.0,1017.0,1220.0,142157.0
2015-04-08,4875.0,8436.0,1802.0,1570.0,3482.0,7447.0,220.0,589.0,466.0,1390.0,2606.0,1225.0,3831.0,810.0,4982.0,10703.0,16764.0,20872.0,1844.0,24600.0,8692.0,8971.0,9622.0,286.0,52244.0,4336.0,77476.0,71238.0,1468.0,1334.0,62726.0,2962.0,65319.0,463.0,3151.0,68302.0,68249.0,427.0,428.0,752.0,795.0,577.0,2502.0,251.0,800.0,448.0,1344.0,1999.0,2534.0,462.0,878.0,2232.0,393.0,1503.0,551.0,1585.0,2408.0,3394.0,4414.0,107.0,4918.0,4542.0,3872.0,4731.0,245.0,7163.0,0.0,340.0,6594.0,61.0,84.0,490.0,842.0,160.0,1114.0,1242.0,3982.0,1407.0,3584.0,214.0,189.0,30.0,6.0,1201.0,290.0,3032.0,1525.0,15489.0,15212.0,6982.0,2992.0,28513.0,9673.0,9030.0,15485.0,44281.0,44281.0,44514.0,44514.0,668.0,114306.0,322.0,644.0,199.0,445.0,2594.0,3276.0,122261.0,6249.0,124614.0,1887.0,1004.0,1200.0,142898.0
2015-04-09,4974.0,8654.0,1832.0,1653.0,3455.0,7614.0,218.0,584.0,468.0,1388.0,2586.0,1218.0,3804.0,832.0,5105.0,11617.0,16976.0,20924.0,1895.0,24758.0,8680.0,9083.0,9840.0,273.0,50342.0,4686.0,77696.0,71475.0,1649.0,1396.0,63464.0,2738.0,66230.0,457.0,3097.0,69336.0,69323.0,444.0,435.0,760.0,771.0,562.0,2524.0,328.0,866.0,459.0,1333.0,1972.0,2562.0,460.0,881.0,2218.0,400.0,1671.0,561.0,1604.0,2403.0,3469.0,4640.0,107.0,5378.0,4995.0,4230.0,4949.0,254.0,7270.0,0.0,329.0,6603.0,61.0,83.0,475.0,778.0,162.0,1112.0,1215.0,4038.0,1432.0,3658.0,188.0,184.0,30.0,6.0,1206.0,288.0,2980.0,1412.0,15559.0,15270.0,7380.0,2876.0,28486.0,10096.0,8526.0,16430.0,45832.0,45832.0,46060.0,46060.0,652.0,117323.0,310.0,599.0,182.0,461.0,2418.0,3120.0,125141.0,6234.0,127412.0,1868.0,1056.0,1225.0,144525.0
2015-04-10,5058.0,8770.0,1852.0,1734.0,3456.0,7775.0,215.0,575.0,479.0,1368.0,2559.0,1219.0,3778.0,848.0,5120.0,12033.0,17137.0,20871.0,1940.0,24820.0,8488.0,8938.0,9732.0,264.0,44707.0,4974.0,77754.0,71554.0,1907.0,1471.0,59274.0,2806.0,62448.0,462.0,3144.0,66239.0,66444.0,442.0,438.0,789.0,753.0,565.0,2565.0,298.0,872.0,456.0,1307.0,1943.0,2541.0,462.0,876.0,2180.0,408.0,1736.0,552.0,1626.0,2396.0,3525.0,4861.0,108.0,5755.0,5392.0,4655.0,5260.0,249.0,7516.0,0.0,321.0,6612.0,61.0,82.0,457.0,703.0,182.0,950.0,1197.0,4129.0,1458.0,3727.0,183.0,183.0,28.0,6.0,1279.0,292.0,2911.0,1364.0,15536.0,15142.0,7696.0,2820.0,28432.0,10124.0,8212.0,16804.0,46452.0,46452.0,46675.0,46675.0,640.0,118316.0,343.0,580.0,195.0,415.0,2282.0,2932.0,126420.0,6233.0,128816.0,1842.0,1064.0,1221.0,145105.0
2015-04-11,5147.0,8807.0,1862.0,1796.0,3441.0,7927.0,211.0,568.0,488.0,1408.0,2598.0,1201.0,3799.0,857.0,5148.0,12456.0,17288.0,20815.0,1976.0,24760.0,8265.0,8704.0,9527.0,259.0,43154.0,5195.0,77661.0,74921.0,2072.0,1506.0,58889.0,2765.0,61101.0,464.0,3142.0,63770.0,63690.0,426.0,426.0,780.0,722.0,540.0,2596.0,264.0,819.0,456.0,1258.0,1891.0,2500.0,467.0,870.0,2152.0,416.0,1784.0,558.0,1646.0,2407.0,3591.0,5078.0,109.0,6047.0,5692.0,4988.0,5526.0,251.0,7780.0,0.0,318.0,6627.0,61.0,80.0,442.0,664.0,203.0,870.0,1207.0,4242.0,1484.0,3801.0,186.0,183.0,28.0,4.0,1294.0,298.0,2921.0,1345.0,15607.0,15060.0,7994.0,2808.0,28514.0,10307.0,8189.0,17312.0,47216.0,47216.0,47446.0,47446.0,644.0,115056.0,377.0,602.0,217.0,392.0,2271.0,2921.0,123408.0,6229.0,125940.0,1812.0,1116.0,1194.0,145174.0
2015-04-12,5209.0,8809.0,1858.0,1850.0,3497.0,8039.0,209.0,561.0,494.0,1458.0,2650.0,1188.0,3838.0,870.0,5192.0,13248.0,17443.0,20805.0,2018.0,24868.0,8133.0,8513.0,9296.0,264.0,43077.0,5373.0,77385.0,80392.0,2167.0,1494.0,64782.0,2624.0,67410.0,463.0,3139.0,70155.0,69966.0,448.0,444.0,812.0,780.0,565.0,2600.0,267.0,804.0,470.0,1228.0,1792.0,2434.0,476.0,863.0,2134.0,422.0,1824.0,573.0,1668.0,2422.0,3675.0,5290.0,113.0,6324.0,5969.0,5263.0,5723.0,241.0,7968.0,0.0,314.0,6642.0,61.0,79.0,428.0,644.0,203.0,799.0,1202.0,4350.0,1510.0,3864.0,177.0,178.0,28.0,2.0,1284.0,300.0,2893.0,1297.0,15678.0,15030.0,8190.0,2807.0,28529.0,10652.0,8163.0,17978.0,48223.0,48223.0,48499.0,48499.0,642.0,116968.0,368.0,619.0,207.0,408.0,2211.0,2852.0,123780.0,6223.0,125961.0,1788.0,1163.0,1178.0,147724.0
2015-04-13,5278.0,8876.0,1900.0,1920.0,3647.0,8217.0,206.0,553.0,516.0,1509.0,2706.0,1193.0,3899.0,891.0,5271.0,13364.0,17700.0,20873.0,2060.0,25020.0,8079.0,8514.0,9258.0,272.0,43307.0,5615.0,76026.0,79209.0,2243.0,1533.0,65173.0,2665.0,67867.0,474.0,3184.0,70973.0,70950.0,461.0,461.0,844.0,843.0,603.0,2696.0,290.0,834.0,489.0,1240.0,1812.0,2352.0,494.0,868.0,2157.0,431.0,1879.0,596.0,1736.0,2484.0,3810.0,5507.0,128.0,6590.0,6236.0,5522.0,5892.0,232.0,8096.0,0.0,308.0,6656.0,61.0,78.0,416.0,636.0,206.0,709.0,1216.0,4452.0,1536.0,3929.0,169.0,177.0,28.0,2.0,1334.0,310.0,2850.0,1263.0,15685.0,14927.0,8375.0,2783.0,28430.0,11160.0,8305.0,18494.0,48982.0,48982.0,49234.0,49234.0,630.0,122340.0,380.0,597.0,187.0,423.0,2236.0,2846.0,129577.0,6180.0,131734.0,1789.0,1146.0,1198.0,153686.0
2015-04-14,5331.0,8997.0,1974.0,2022.0,3847.0,8448.0,204.0,544.0,556.0,1502.0,2717.0,1168.0,3885.0,932.0,5427.0,13541.0,18056.0,21004.0,2113.0,25297.0,8385.0,8767.0,9436.0,296.0,43865.0,5937.0,75981.0,78832.0,2370.0,1594.0,66112.0,2738.0,68778.0,502.0,3320.0,71930.0,71878.0,478.0,486.0,909.0,960.0,696.0,2895.0,301.0,870.0,524.0,1250.0,1954.0,2344.0,514.0,903.0,2212.0,444.0,1999.0,637.0,1802.0,2586.0,4063.0,5850.0,176.0,6899.0,6532.0,5784.0,6056.0,230.0,8218.0,0.0,309.0,6672.0,62.0,78.0,407.0,643.0,218.0,654.0,1280.0,4571.0,1562.0,3996.0,167.0,179.0,28.0,2.0,1474.0,332.0,2869.0,1302.0,15806.0,14858.0,8690.0,2870.0,28545.0,12050.0,8811.0,19324.0,50167.0,50167.0,50398.0,50398.0,644.0,123896.0,372.0,602.0,174.0,410.0,2200.0,2815.0,131239.0,6130.0,133438.0,1798.0,1069.0,1216.0,154140.0
2015-04-15,5387.0,9199.0,2075.0,2157.0,4111.0,8778.0,202.0,540.0,586.0,1499.0,2724.0,1206.0,3929.0,977.0,5662.0,13832.0,18537.0,21216.0,2160.0,25536.0,8841.0,9256.0,9909.0,303.0,44457.0,6226.0,77202.0,80031.0,2505.0,1648.0,67689.0,2762.0,70351.0,531.0,3426.0,73560.0,73488.0,470.0,483.0,887.0,942.0,588.0,3063.0,289.0,868.0,534.0,1252.0,2146.0,2450.0,535.0,943.0,2302.0,469.0,2158.0,691.0,1869.0,2689.0,4293.0,6340.0,225.0,7434.0,7028.0,6153.0,6294.0,233.0,8385.0,0.0,324.0,6702.0,63.0,78.0,404.0,669.0,225.0,641.0,1367.0,4733.0,1588.0,4064.0,165.0,180.0,28.0,2.0,1496.0,358.0,2953.0,1328.0,16022.0,14930.0,9136.0,2945.0,28873.0,13289.0,9082.0,20632.0,52152.0,52152.0,52378.0,52378.0,663.0,126812.0,361.0,600.0,162.0,414.0,2148.0,2692.0,133730.0,6074.0,135802.0,1784.0,974.0,1193.0,154525.0
2015-04-16,5442.0,9341.0,2115.0,2251.0,4122.0,8961.0,200.0,536.0,599.0,1512.0,2742.0,1263.0,4005.0,1000.0,5910.0,14122.0,19012.0,21424.0,2242.0,25816.0,8960.0,9566.0,10291.0,292.0,45114.0,6474.0,77997.0,80868.0,2586.0,1712.0,69059.0,2771.0,71754.0,532.0,3434.0,75026.0,74971.0,473.0,485.0,887.0,945.0,501.0,2986.0,298.0,881.0,530.0,1255.0,2093.0,2580.0,556.0,980.0,2377.0,496.0,2330.0,736.0,1936.0,2830.0,4545.0,6840.0,276.0,8100.0,7690.0,6740.0,6742.0,240.0,8695.0,0.0,339.0,6736.0,63.0,76.0,407.0,688.0,231.0,636.0,1417.0,4736.0,1612.0,4077.0,168.0,184.0,28.0,3.0,1472.0,364.0,3003.0,1295.0,16212.0,15054.0,9612.0,2883.0,29194.0,14000.0,9060.0,21454.0,53656.0,53656.0,53895.0,53895.0,654.0,130422.0,335.0,583.0,153.0,406.0,2133.0,2714.0,137297.0,6012.0,139288.0,1768.0,890.0,1160.0,157142.0
2015-04-17,5488.0,9463.0,2160.0,2450.0,4375.0,9146.0,197.0,529.0,607.0,1516.0,2733.0,1293.0,4026.0,1034.0,6104.0,15138.0,19471.0,21649.0,2338.0,26181.0,8954.0,9620.0,10378.0,298.0,48895.0,6756.0,78892.0,81729.0,2646.0,1799.0,71534.0,2743.0,74017.0,524.0,3454.0,77050.0,76926.0,472.0,487.0,898.0,960.0,456.0,2938.0,292.0,871.0,526.0,1238.0,1995.0,2590.0,579.0,1015.0,2435.0,526.0,2484.0,774.0,2001.0,2976.0,4857.0,7341.0,327.0,8648.0,8243.0,7329.0,7265.0,242.0,9169.0,0.0,352.0,6772.0,64.0,76.0,414.0,699.0,237.0,632.0,1468.0,4791.0,1639.0,4010.0,164.0,185.0,26.0,53.0,1543.0,377.0,3000.0,1287.0,16201.0,15098.0,10016.0,2823.0,29378.0,14341.0,9171.0,23714.0,56650.0,56650.0,56865.0,56865.0,628.0,134012.0,351.0,605.0,147.0,384.0,2034.0,2568.0,140665.0,5945.0,142530.0,1740.0,924.0,1128.0,159231.0
2015-04-18,5543.0,9666.0,2266.0,2643.0,4612.0,9492.0,193.0,520.0,627.0,1550.0,2770.0,1386.0,4156.0,1108.0,6310.0,16271.0,19994.0,21990.0,2431.0,26670.0,9172.0,9814.0,10516.0,303.0,52761.0,7037.0,80181.0,82978.0,2792.0,1819.0,76726.0,2701.0,79125.0,526.0,3456.0,81945.0,81727.0,449.0,469.0,878.0,918.0,402.0,2921.0,273.0,840.0,521.0,1209.0,1935.0,2528.0,605.0,1070.0,2548.0,563.0,2630.0,824.0,2049.0,3134.0,5150.0,7842.0,380.0,9133.0,8705.0,7767.0,7645.0,244.0,9626.0,0.0,368.0,6813.0,64.0,75.0,416.0,809.0,244.0,628.0,1542.0,4898.0,1666.0,3962.0,161.0,185.0,26.0,91.0,1625.0,396.0,3080.0,1586.0,16465.0,15159.0,10434.0,2832.0,29702.0,14869.0,9300.0,24449.0,57848.0,57848.0,58052.0,58052.0,610.0,139176.0,336.0,636.0,142.0,419.0,2050.0,2598.0,145717.0,5894.0,147423.0,1718.0,892.0,1125.0,160940.0
2015-04-19,5771.0,9799.0,2348.0,2726.0,4526.0,9717.0,190.0,510.0,632.0,1600.0,2818.0,1573.0,4391.0,1130.0,6564.0,16709.0,20608.0,22427.0,2455.0,27065.0,9428.0,10144.0,10867.0,278.0,54876.0,7230.0,81520.0,84342.0,2978.0,1846.0,79709.0,2600.0,82296.0,521.0,3433.0,85412.0,85303.0,451.0,452.0,876.0,896.0,361.0,2882.0,262.0,811.0,512.0,1175.0,1836.0,2464.0,630.0,1124.0,2667.0,597.0,2788.0,869.0,2102.0,3278.0,5432.0,8346.0,420.0,9624.0,9168.0,8176.0,7992.0,249.0,10076.0,0.0,382.0,6858.0,63.0,73.0,421.0,1009.0,244.0,604.0,1586.0,4959.0,1693.0,3914.0,160.0,182.0,26.0,96.0,1596.0,388.0,3133.0,1464.0,16639.0,15360.0,10882.0,2760.0,30022.0,15368.0,9152.0,25471.0,59677.0,59677.0,59872.0,59872.0,584.0,145088.0,306.0,580.0,138.0,442.0,1940.0,2487.0,151653.0,5863.0,153256.0,1695.0,876.0,1090.0,163121.0
2015-04-20,5925.0,9822.0,2415.0,2894.0,4672.0,9889.0,186.0,501.0,618.0,1606.0,2816.0,1666.0,4483.0,1131.0,6751.0,16967.0,21099.0,22794.0,2472.0,27467.0,9311.0,10157.0,10958.0,272.0,59620.0,7380.0,81843.0,84814.0,3100.0,1855.0,84124.0,2832.0,86497.0,541.0,3881.0,89640.0,89407.0,475.0,432.0,891.0,886.0,365.0,2908.0,298.0,869.0,520.0,1186.0,1780.0,2385.0,640.0,1156.0,2711.0,626.0,2936.0,881.0,2151.0,3376.0,5592.0,8846.0,445.0,10114.0,9634.0,8591.0,8378.0,249.0,10419.0,0.0,384.0,6899.0,60.0,68.0,427.0,1138.0,243.0,584.0,1592.0,4996.0,1728.0,3854.0,160.0,215.0,26.0,94.0,1594.0,387.0,3108.0,1452.0,16588.0,15462.0,11210.0,2670.0,30174.0,15815.0,9184.0,26864.0,61331.0,61331.0,61522.0,61522.0,578.0,150452.0,336.0,526.0,134.0,384.0,1907.0,2423.0,157041.0,5830.0,158584.0,1679.0,889.0,1066.0,166076.0
2015-04-21,6149.0,9802.0,2499.0,3089.0,4842.0,10192.0,182.0,489.0,610.0,1602.0,2806.0,1627.0,4432.0,1137.0,6776.0,17399.0,21524.0,23044.0,2539.0,27731.0,8916.0,9871.0,10743.0,262.0,61408.0,7524.0,81959.0,84885.0,3155.0,1933.0,87415.0,3074.0,90113.0,576.0,3992.0,93850.0,93746.0,463.0,401.0,875.0,912.0,368.0,2979.0,300.0,936.0,532.0,1290.0,1886.0,2343.0,642.0,1185.0,2726.0,654.0,3030.0,894.0,2199.0,3461.0,5610.0,9318.0,466.0,10579.0,10079.0,8999.0,8790.0,248.0,10801.0,0.0,385.0,6936.0,60.0,66.0,434.0,1122.0,241.0,620.0,1600.0,5034.0,2491.0,3786.0,154.0,274.0,26.0,90.0,1606.0,409.0,3116.0,1389.0,16508.0,15500.0,11413.0,2677.0,31516.0,16246.0,9362.0,27307.0,61912.0,61912.0,62102.0,62102.0,578.0,156103.0,358.0,527.0,132.0,328.0,1922.0,2412.0,162616.0,5798.0,164056.0,1689.0,947.0,1092.0,168689.0
2015-04-22,6708.0,9867.0,2639.0,3268.0,5002.0,10490.0,179.0,482.0,622.0,1618.0,2844.0,1683.0,4528.0,1160.0,6846.0,18466.0,21862.0,23199.0,2646.0,28026.0,8726.0,9651.0,10460.0,246.0,67973.0,7689.0,82680.0,85523.0,3262.0,2076.0,91083.0,2968.0,93442.0,600.0,3726.0,96528.0,96344.0,440.0,373.0,844.0,958.0,343.0,2971.0,288.0,912.0,539.0,1318.0,1942.0,2403.0,656.0,1231.0,2751.0,678.0,3074.0,936.0,2257.0,3584.0,5778.0,9730.0,489.0,10947.0,10435.0,9350.0,9132.0,247.0,11144.0,0.0,385.0,6960.0,62.0,67.0,443.0,1086.0,242.0,716.0,1626.0,5092.0,2627.0,3718.0,155.0,258.0,26.0,85.0,1626.0,422.0,3167.0,1354.0,16459.0,16092.0,11638.0,2709.0,31638.0,16508.0,9348.0,27536.0,62216.0,62216.0,62402.0,62402.0,555.0,159654.0,328.0,538.0,129.0,326.0,1910.0,2429.0,166696.0,5742.0,168139.0,1696.0,869.0,1084.0,170475.0
2015-04-23,7351.0,10015.0,2948.0,3489.0,5306.0,10995.0,176.0,484.0,638.0,1648.0,2915.0,1848.0,4763.0,1239.0,7118.0,19118.0,22355.0,23553.0,2704.0,28479.0,8752.0,9716.0,10450.0,273.0,72264.0,7936.0,83633.0,86498.0,3475.0,2234.0,98251.0,2916.0,100690.0,622.0,3641.0,103551.0,103270.0,442.0,364.0,831.0,990.0,357.0,2934.0,294.0,906.0,554.0,1347.0,1931.0,2464.0,683.0,1290.0,2852.0,729.0,3152.0,988.0,2320.0,3772.0,6132.0,10138.0,518.0,11234.0,10698.0,9595.0,9352.0,250.0,11408.0,0.0,388.0,6976.0,65.0,70.0,446.0,1089.0,248.0,724.0,1696.0,5054.0,2542.0,3658.0,150.0,220.0,26.0,78.0,1690.0,440.0,3202.0,1347.0,16436.0,16490.0,12106.0,2980.0,32108.0,16842.0,9690.0,27798.0,62923.0,62923.0,63104.0,63104.0,550.0,164478.0,322.0,517.0,126.0,340.0,1818.0,2326.0,170874.0,5678.0,172081.0,1686.0,807.0,1074.0,171428.0
2015-04-24,7864.0,10145.0,3259.0,3724.0,5830.0,11588.0,174.0,522.0,702.0,1705.0,3074.0,2217.0,5290.0,1318.0,7557.0,19818.0,23090.0,24213.0,2754.0,29196.0,9177.0,10177.0,10815.0,304.0,75372.0,8294.0,84740.0,87526.0,3782.0,2348.0,101501.0,2898.0,104112.0,636.0,3662.0,107360.0,107230.0,449.0,356.0,819.0,1008.0,375.0,2948.0,294.0,909.0,566.0,1332.0,1936.0,2484.0,712.0,1350.0,2981.0,810.0,3325.0,1072.0,2386.0,3988.0,6467.0,10552.0,539.0,11585.0,11011.0,9824.0,9530.0,254.0,11610.0,0.0,397.0,6999.0,68.0,72.0,453.0,1009.0,254.0,683.0,1786.0,5046.0,2460.0,3612.0,152.0,204.0,24.0,72.0,1761.0,456.0,3300.0,1372.0,16506.0,16442.0,12850.0,3176.0,32996.0,17605.0,10516.0,28617.0,64794.0,64794.0,64974.0,64974.0,566.0,172070.0,359.0,518.0,124.0,331.0,1768.0,2260.0,178491.0,5640.0,179564.0,1679.0,802.0,1076.0,173412.0
2015-04-25,8214.0,10243.0,3424.0,3924.0,5992.0,12026.0,170.0,536.0,762.0,1765.0,3288.0,2516.0,5804.0,1386.0,8268.0,20115.0,24044.0,25164.0,2814.0,30232.0,9680.0,10742.0,11391.0,465.0,82520.0,8640.0,86785.0,89472.0,4100.0,2442.0,109196.0,2972.0,111382.0,651.0,3741.0,114000.0,113636.0,462.0,352.0,792.0,1052.0,360.0,2976.0,323.0,950.0,572.0,1325.0,1939.0,2502.0,733.0,1400.0,3059.0,892.0,3533.0,1166.0,2470.0,4163.0,6770.0,10978.0,550.0,12013.0,11406.0,10134.0,9781.0,255.0,11819.0,0.0,408.0,7025.0,67.0,70.0,467.0,936.0,250.0,703.0,1794.0,5111.0,2464.0,3560.0,154.0,194.0,23.0,66.0,1746.0,465.0,3337.0,1376.0,16612.0,16452.0,13437.0,3096.0,33470.0,18387.0,11108.0,29556.0,66552.0,66552.0,66730.0,66730.0,567.0,178180.0,386.0,560.0,122.0,337.0,1714.0,2209.0,184572.0,5596.0,185582.0,1687.0,805.0,1071.0,176291.0
2015-04-26,8428.0,10308.0,3455.0,3980.0,5952.0,12212.0,165.0,527.0,767.0,1808.0,3421.0,2655.0,6076.0,1412.0,8685.0,20174.0,25006.0,26122.0,2859.0,31183.0,9964.0,11094.0,11814.0,379.0,84906.0,8858.0,88712.0,91472.0,4355.0,2584.0,114692.0,3019.0,117343.0,660.0,3786.0,120626.0,120437.0,460.0,341.0,758.0,976.0,353.0,2992.0,303.0,954.0,567.0,1340.0,1970.0,2516.0,754.0,1448.0,3120.0,968.0,3726.0,1247.0,2552.0,4316.0,7040.0,11394.0,559.0,12475.0,11841.0,10502.0,10087.0,258.0,12104.0,0.0,418.0,7050.0,66.0,66.0,481.0,858.0,248.0,650.0,1775.0,5051.0,2367.0,3505.0,158.0,188.0,23.0,57.0,1764.0,476.0,3324.0,1352.0,16546.0,16422.0,13888.0,2964.0,33629.0,18396.0,10902.0,29675.0,67048.0,67048.0,67218.0,67218.0,552.0,186892.0,355.0,586.0,120.0,374.0,1628.0,2118.0,193074.0,5558.0,193903.0,1681.0,794.0,1047.0,179588.0
2015-04-27,8545.0,10313.0,3348.0,4104.0,5885.0,12102.0,163.0,514.0,747.0,1829.0,3468.0,2690.0,6158.0,1412.0,8978.0,19878.0,25638.0,26718.0,2898.0,31786.0,9940.0,11193.0,12003.0,297.0,86503.0,8932.0,89976.0,92819.0,4556.0,2648.0,117191.0,2904.0,119968.0,662.0,3737.0,123439.0,123346.0,464.0,332.0,728.0,920.0,355.0,2998.0,301.0,935.0,564.0,1300.0,1923.0,2538.0,765.0,1488.0,3188.0,1041.0,3901.0,1287.0,2632.0,4428.0,7231.0,11806.0,560.0,12910.0,12252.0,10874.0,10394.0,264.0,12420.0,0.0,423.0,7072.0,64.0,64.0,492.0,799.0,244.0,596.0,1772.0,5064.0,2299.0,3445.0,166.0,188.0,23.0,48.0,1772.0,484.0,3313.0,1340.0,16467.0,16311.0,14256.0,2880.0,33832.0,18120.0,10535.0,29257.0,66767.0,66767.0,66936.0,66936.0,523.0,191813.0,325.0,554.0,118.0,392.0,1656.0,2070.0,198839.0,5534.0,199782.0,1654.0,758.0,1027.0,182258.0
2015-04-28,8800.0,10324.0,3411.0,4219.0,6120.0,12254.0,159.0,511.0,748.0,1852.0,3523.0,2774.0,6297.0,1420.0,9028.0,19611.0,26103.0,27079.0,2951.0,32367.0,9589.0,10867.0,11739.0,293.0,87364.0,8985.0,90468.0,93384.0,4721.0,2672.0,118490.0,3125.0,121395.0,700.0,3839.0,125080.0,125026.0,495.0,339.0,720.0,1014.0,396.0,3074.0,328.0,986.0,608.0,1344.0,1934.0,2526.0,764.0,1504.0,3151.0,1097.0,4006.0,1306.0,2737.0,4558.0,7453.0,12214.0,558.0,13311.0,12633.0,11220.0,10678.0,267.0,12710.0,0.0,423.0,7088.0,65.0,64.0,506.0,876.0,242.0,626.0,1896.0,5054.0,2224.0,3377.0,154.0,184.0,23.0,36.0,1795.0,494.0,3316.0,1334.0,16391.0,16166.0,14587.0,3120.0,34315.0,18258.0,10624.0,29236.0,67168.0,67168.0,67338.0,67338.0,591.0,194254.0,386.0,624.0,116.0,368.0,1905.0,2251.0,201560.0,5510.0,202470.0,1665.0,769.0,1053.0,183884.0
2015-04-29,9023.0,10454.0,3581.0,4380.0,6170.0,12558.0,155.0,497.0,748.0,1857.0,3568.0,2970.0,6538.0,1447.0,9258.0,19522.0,26542.0,27440.0,3012.0,32844.0,9442.0,10680.0,11488.0,298.0,88370.0,9185.0,91194.0,93935.0,5002.0,2810.0,119317.0,3204.0,122263.0,744.0,3946.0,126076.0,126034.0,462.0,338.0,684.0,1078.0,412.0,3087.0,335.0,1015.0,590.0,1394.0,2032.0,2546.0,774.0,1540.0,3190.0,1168.0,4026.0,1357.0,2914.0,4775.0,7896.0,12620.0,562.0,13628.0,12934.0,11508.0,10928.0,268.0,13055.0,0.0,420.0,7100.0,69.0,66.0,524.0,992.0,244.0,597.0,2026.0,5018.0,2125.0,3311.0,148.0,180.0,23.0,22.0,1766.0,503.0,3376.0,1334.0,16362.0,16094.0,14978.0,3410.0,34978.0,18623.0,10863.0,29579.0,68151.0,68151.0,68316.0,68316.0,753.0,196577.0,426.0,803.0,114.0,458.0,2048.0,2501.0,204235.0,5470.0,205046.0,1673.0,698.0,1066.0,185478.0
2015-04-30,9132.0,10598.0,3682.0,4516.0,6013.0,12865.0,152.0,492.0,766.0,1854.0,3578.0,3065.0,6644.0,1446.0,9414.0,19160.0,27024.0,27908.0,3060.0,33329.0,9326.0,10657.0,11466.0,277.0,90267.0,9434.0,92193.0,94459.0,5460.0,2963.0,121101.0,3162.0,123970.0,780.0,4031.0,127708.0,127617.0,458.0,340.0,678.0,1107.0,426.0,3103.0,347.0,1038.0,623.0,1418.0,2034.0,2612.0,788.0,1570.0,3227.0,1234.0,4094.0,1458.0,2977.0,4957.0,8282.0,13014.0,564.0,13885.0,13165.0,11708.0,11114.0,266.0,13210.0,0.0,422.0,7115.0,76.0,72.0,546.0,927.0,244.0,539.0,2044.0,4972.0,2023.0,3249.0,138.0,172.0,21.0,9.0,1762.0,519.0,3404.0,1336.0,16357.0,16034.0,15498.0,3383.0,35421.0,18557.0,10994.0,29598.0,68604.0,68604.0,68763.0,68763.0,770.0,198494.0,451.0,798.0,112.0,618.0,1879.0,2375.0,206477.0,5418.0,207211.0,1650.0,640.0,1058.0,187034.0
2015-05-01,9422.0,10664.0,3830.0,4765.0,6638.0,13245.0,149.0,499.0,766.0,1858.0,3589.0,3218.0,6807.0,1464.0,9682.0,19413.0,27454.0,28250.0,3103.0,33720.0,9143.0,10441.0,11298.0,280.0,91524.0,9624.0,92949.0,102538.0,5824.0,3131.0,123358.0,3201.0,126318.0,814.0,4140.0,130198.0,130106.0,416.0,318.0,634.0,1104.0,431.0,2975.0,350.0,1057.0,602.0,1453.0,1942.0,2635.0,801.0,1615.0,3265.0,1290.0,4203.0,1550.0,3070.0,5092.0,8562.0,13411.0,560.0,14200.0,13446.0,11910.0,11293.0,264.0,13356.0,0.0,427.0,7134.0,85.0,78.0,571.0,831.0,243.0,516.0,2047.0,4951.0,2018.0,3179.0,123.0,162.0,21.0,1.0,1768.0,535.0,3406.0,1316.0,16274.0,15876.0,15835.0,3371.0,35896.0,18587.0,11223.0,29494.0,68888.0,68888.0,69048.0,69048.0,690.0,200792.0,403.0,726.0,110.0,595.0,1706.0,2185.0,208634.0,5376.0,209259.0,1626.0,594.0,1052.0,188193.0
2015-05-02,9926.0,13980.0,4152.0,5128.0,7407.0,13915.0,145.0,504.0,804.0,1931.0,3696.0,3486.0,7180.0,1485.0,10113.0,20708.0,28166.0,28952.0,3150.0,34460.0,9117.0,10298.0,11089.0,287.0,89384.0,9854.0,89790.0,114999.0,6146.0,3321.0,124168.0,3424.0,127266.0,845.0,4237.0,131422.0,131392.0,397.0,294.0,597.0,1053.0,400.0,2890.0,341.0,1052.0,588.0,1468.0,1828.0,2580.0,814.0,1620.0,3246.0,1313.0,4296.0,1654.0,3181.0,5249.0,8879.0,13801.0,556.0,14526.0,13747.0,12156.0,11508.0,264.0,13529.0,0.0,436.0,7156.0,91.0,82.0,598.0,758.0,242.0,514.0,2160.0,5008.0,2051.0,3113.0,114.0,164.0,21.0,1.0,1773.0,558.0,3442.0,1333.0,16238.0,15776.0,16148.0,3389.0,37548.0,19062.0,11344.0,29919.0,69838.0,69838.0,69997.0,69997.0,614.0,203581.0,364.0,629.0,108.0,515.0,1592.0,2042.0,211300.0,5340.0,211827.0,1599.0,567.0,1039.0,196003.0
2015-05-03,10473.0,15624.0,4647.0,5424.0,7792.0,14672.0,144.0,530.0,909.0,2085.0,3950.0,3749.0,7698.0,1419.0,10566.0,22194.0,28930.0,29749.0,3210.0,35438.0,9205.0,10290.0,11085.0,283.0,88812.0,10278.0,86688.0,114999.0,6505.0,3460.0,124657.0,3373.0,127768.0,842.0,3989.0,131741.0,131734.0,379.0,287.0,574.0,982.0,353.0,2825.0,334.0,1024.0,578.0,1460.0,1724.0,2488.0,825.0,1638.0,3228.0,1343.0,4320.0,1766.0,3296.0,5408.0,9200.0,14190.0,550.0,14824.0,14024.0,12394.0,11696.0,273.0,13709.0,0.0,448.0,7181.0,94.0,83.0,623.0,715.0,237.0,525.0,2275.0,5056.0,2092.0,3058.0,110.0,172.0,21.0,1.0,1779.0,562.0,3476.0,1369.0,16304.0,15876.0,16538.0,3294.0,37891.0,19614.0,11505.0,30453.0,70473.0,70473.0,70625.0,70625.0,562.0,204908.0,334.0,575.0,107.0,428.0,1539.0,1964.0,212745.0,5305.0,213246.0,1598.0,558.0,1020.0,211351.0
2015-05-04,11000.0,15637.0,5080.0,5774.0,8065.0,15456.0,141.0,540.0,973.0,2245.0,4195.0,3961.0,8156.0,1344.0,10873.0,23434.0,29666.0,30447.0,3273.0,36260.0,8963.0,10040.0,10922.0,278.0,90468.0,10662.0,90751.0,114999.0,6786.0,3534.0,125095.0,3255.0,128204.0,834.0,3746.0,131924.0,131915.0,363.0,270.0,554.0,960.0,353.0,2774.0,331.0,996.0,566.0,1451.0,1617.0,2391.0,837.0,1721.0,3277.0,1410.0,4326.0,1972.0,3433.0,5643.0,9565.0,14594.0,543.0,15056.0,14234.0,12580.0,11840.0,315.0,13871.0,0.0,455.0,7200.0,97.0,84.0,644.0,678.0,241.0,529.0,2327.0,5086.0,2132.0,3010.0,162.0,174.0,20.0,1.0,1824.0,576.0,3672.0,1395.0,16276.0,15986.0,17134.0,3210.0,38210.0,19748.0,11438.0,30666.0,71069.0,71069.0,71218.0,71218.0,514.0,205691.0,307.0,544.0,105.0,381.0,1562.0,1949.0,213542.0,5273.0,213966.0,1584.0,571.0,1015.0,213953.0
2015-05-05,11530.0,15609.0,5410.0,6084.0,8599.0,16183.0,139.0,575.0,1028.0,2384.0,4396.0,4126.0,8522.0,1309.0,11164.0,24654.0,30511.0,31067.0,3326.0,36948.0,8657.0,9692.0,10548.0,284.0,92140.0,10764.0,92049.0,114999.0,6936.0,3570.0,125392.0,3265.0,128516.0,836.0,3670.0,132157.0,132147.0,385.0,259.0,523.0,970.0,374.0,2765.0,334.0,971.0,569.0,1460.0,1547.0,2300.0,855.0,1771.0,3284.0,1480.0,4398.0,2313.0,3671.0,5991.0,10136.0,14917.0,532.0,15311.0,14456.0,12735.0,11964.0,296.0,14002.0,2500.0,464.0,7208.0,102.0,86.0,670.0,658.0,251.0,504.0,2380.0,5105.0,2173.0,2958.0,174.0,178.0,19.0,1.0,1816.0,589.0,4034.0,1434.0,16279.0,16427.0,17922.0,3269.0,38927.0,20086.0,11613.0,30890.0,71846.0,71846.0,71994.0,71994.0,484.0,206488.0,293.0,523.0,104.0,350.0,1631.0,2012.0,214357.0,5240.0,214682.0,1544.0,566.0,1010.0,214481.0
2015-05-06,12017.0,15621.0,5665.0,6412.0,9305.0,16748.0,138.0,628.0,1093.0,2574.0,4688.0,4360.0,9048.0,1285.0,11558.0,25448.0,31530.0,31633.0,3374.0,37605.0,8987.0,9846.0,10548.0,289.0,93961.0,10848.0,93200.0,114999.0,6986.0,3591.0,125527.0,3419.0,128689.0,869.0,3746.0,132402.0,132392.0,358.0,254.0,491.0,1040.0,409.0,2781.0,356.0,978.0,608.0,1549.0,1558.0,2242.0,870.0,1821.0,3265.0,1531.0,4444.0,2521.0,3950.0,6304.0,10686.0,14994.0,519.0,15471.0,14614.0,12894.0,12108.0,273.0,14101.0,2500.0,478.0,7329.0,109.0,90.0,702.0,657.0,258.0,484.0,2471.0,5124.0,2214.0,2901.0,130.0,180.0,19.0,1.0,1824.0,604.0,4060.0,1446.0,16298.0,16735.0,18724.0,3264.0,39671.0,20974.0,11992.0,31683.0,72720.0,72720.0,72868.0,72868.0,463.0,207284.0,278.0,526.0,102.0,329.0,1693.0,2073.0,215285.0,5204.0,215527.0,1569.0,543.0,1028.0,215645.0
2015-05-07,12654.0,15706.0,6024.0,6794.0,9667.0,17480.0,136.0,652.0,1168.0,2764.0,4979.0,4653.0,9632.0,1259.0,12260.0,25898.0,32683.0,32219.0,3426.0,38268.0,9262.0,10270.0,11016.0,281.0,95936.0,11129.0,95894.0,114999.0,7084.0,3753.0,125715.0,3245.0,128907.0,900.0,3815.0,132683.0,132670.0,350.0,252.0,467.0,1067.0,429.0,2811.0,363.0,998.0,596.0,1621.0,1652.0,2249.0,892.0,1928.0,3345.0,1608.0,4469.0,2706.0,4242.0,6694.0,11344.0,15052.0,512.0,15397.0,14528.0,12848.0,12076.0,268.0,14130.0,2500.0,492.0,8692.0,116.0,94.0,750.0,677.0,270.0,474.0,2569.0,5046.0,2254.0,2852.0,111.0,174.0,19.0,1.0,1789.0,620.0,4102.0,1472.0,16341.0,16777.0,19553.0,3310.0,40359.0,21966.0,12154.0,32687.0,74492.0,74492.0,74634.0,74634.0,434.0,208938.0,258.0,510.0,100.0,327.0,1694.0,2103.0,216877.0,5169.0,216990.0,1618.0,526.0,1023.0,217270.0
2015-05-08,12948.0,15750.0,6368.0,7127.0,9834.0,18193.0,135.0,681.0,1268.0,2906.0,5235.0,4906.0,10141.0,1230.0,13068.0,25787.0,34032.0,32882.0,3473.0,38967.0,8853.0,10059.0,10962.0,264.0,98094.0,11409.0,98026.0,101874.0,7318.0,3904.0,113944.0,3091.0,118414.0,933.0,3870.0,124095.0,124681.0,345.0,263.0,440.0,1088.0,453.0,2830.0,380.0,1003.0,628.0,1677.0,1686.0,2315.0,906.0,2019.0,3424.0,1698.0,4576.0,2914.0,4515.0,7035.0,11915.0,15123.0,490.0,15326.0,14423.0,12682.0,11909.0,267.0,13989.0,2500.0,509.0,9570.0,125.0,98.0,799.0,729.0,280.0,468.0,2650.0,4950.0,2295.0,2808.0,102.0,164.0,19.0,1.0,1790.0,630.0,4124.0,1478.0,17116.0,17292.0,20364.0,3378.0,41175.0,22694.0,12177.0,33454.0,76098.0,76098.0,76236.0,76236.0,414.0,209173.0,234.0,477.0,99.0,306.0,1613.0,2030.0,217929.0,5138.0,218065.0,1598.0,506.0,976.0,218280.0
2015-05-09,13123.0,15755.0,6529.0,7259.0,9717.0,18856.0,134.0,683.0,1326.0,3004.0,5403.0,5088.0,10491.0,1209.0,13765.0,25270.0,35350.0,33504.0,3514.0,39650.0,8234.0,9512.0,10449.0,254.0,100286.0,11584.0,99056.0,99999.0,7589.0,4043.0,111400.0,3095.0,114654.0,960.0,3964.0,118559.0,118559.0,347.0,279.0,411.0,1113.0,475.0,2851.0,403.0,1036.0,656.0,1768.0,1752.0,2377.0,913.0,2118.0,3476.0,1828.0,4694.0,3094.0,4797.0,7317.0,12440.0,15177.0,472.0,15338.0,14402.0,12574.0,11794.0,271.0,13834.0,2500.0,536.0,9619.0,134.0,103.0,840.0,806.0,297.0,462.0,2758.0,4904.0,2336.0,2758.0,96.0,162.0,16.0,1.0,1867.0,643.0,4127.0,1518.0,18596.0,18829.0,21202.0,3458.0,41920.0,23371.0,12189.0,34113.0,77389.0,77389.0,77527.0,77527.0,393.0,200431.0,234.0,476.0,98.0,276.0,1619.0,1977.0,209949.0,5108.0,210305.0,1546.0,500.0,915.0,210958.0
2015-05-10,13466.0,15904.0,6597.0,7373.0,9682.0,19148.0,134.0,686.0,1392.0,3056.0,5500.0,5267.0,10767.0,1198.0,14260.0,24699.0,36422.0,33925.0,3555.0,40206.0,7808.0,9072.0,9966.0,255.0,102409.0,11651.0,100155.0,90412.0,7796.0,4138.0,107342.0,3096.0,111657.0,977.0,4030.0,116796.0,117068.0,342.0,282.0,392.0,1126.0,475.0,2879.0,410.0,1056.0,688.0,1812.0,1830.0,2454.0,920.0,2182.0,3502.0,1892.0,4786.0,3237.0,5058.0,7553.0,12885.0,15254.0,457.0,15334.0,14374.0,12504.0,11744.0,278.0,13775.0,2500.0,568.0,9630.0,142.0,106.0,879.0,872.0,300.0,465.0,2823.0,4862.0,2377.0,2715.0,92.0,160.0,16.0,1.0,1908.0,655.0,4172.0,1572.0,18918.0,19393.0,22349.0,3637.0,42957.0,24271.0,12322.0,34969.0,79410.0,79410.0,79548.0,79548.0,404.0,199957.0,232.0,513.0,97.0,283.0,2232.0,2343.0,208081.0,5078.0,207950.0,1505.0,484.0,888.0,207604.0
2015-05-11,13792.0,21252.0,6700.0,7587.0,9912.0,19398.0,135.0,701.0,1462.0,3124.0,5628.0,5416.0,11044.0,1186.0,14736.0,24477.0,37358.0,34292.0,3600.0,40724.0,7592.0,8792.0,9643.0,257.0,104375.0,11772.0,101654.0,54207.0,7923.0,4212.0,99030.0,3120.0,102407.0,992.0,4072.0,106886.0,107118.0,332.0,287.0,368.0,1125.0,476.0,2882.0,408.0,1046.0,655.0,1818.0,1819.0,2528.0,926.0,2241.0,3534.0,1943.0,4845.0,3356.0,5314.0,7895.0,13280.0,15326.0,438.0,15314.0,14330.0,12412.0,11687.0,278.0,13727.0,2500.0,596.0,9640.0,149.0,109.0,912.0,893.0,303.0,451.0,2844.0,4813.0,2417.0,2670.0,88.0,156.0,16.0,1.0,1876.0,662.0,4188.0,1584.0,18953.0,19466.0,22927.0,3556.0,43860.0,25196.0,12334.0,35897.0,81038.0,81038.0,81173.0,81173.0,398.0,196111.0,212.0,510.0,95.0,318.0,2380.0,2839.0,206580.0,5050.0,206653.0,1465.0,468.0,858.0,202434.0
2015-05-12,14198.0,24792.0,6867.0,7702.0,10034.0,19703.0,136.0,724.0,1527.0,3273.0,5858.0,5544.0,11403.0,1187.0,15294.0,24595.0,38262.0,34708.0,3659.0,41296.0,7491.0,8581.0,9408.0,266.0,105771.0,12009.0,106771.0,58761.0,8020.0,4348.0,98907.0,3324.0,102235.0,1016.0,4171.0,106381.0,106382.0,338.0,292.0,344.0,1264.0,480.0,2888.0,419.0,1049.0,689.0,1831.0,1810.0,2554.0,925.0,2261.0,3534.0,2011.0,4893.0,3500.0,5539.0,8130.0,13622.0,15375.0,416.0,15265.0,14256.0,12298.0,11619.0,274.0,13652.0,2500.0,621.0,9644.0,157.0,112.0,950.0,910.0,314.0,435.0,2886.0,4782.0,2458.0,2622.0,86.0,146.0,16.0,1.0,1937.0,680.0,4173.0,1582.0,19009.0,19444.0,23556.0,3562.0,44632.0,25950.0,12276.0,37941.0,83372.0,83372.0,83500.0,83500.0,380.0,191848.0,207.0,488.0,94.0,314.0,2024.0,2504.0,201002.0,5026.0,200844.0,1423.0,476.0,833.0,174618.0
2015-05-13,15108.0,24792.0,7044.0,7686.0,10186.0,19849.0,135.0,710.0,1558.0,3381.0,6014.0,5651.0,11666.0,1173.0,15722.0,24480.0,39152.0,35198.0,3710.0,41883.0,7376.0,8452.0,9290.0,252.0,108869.0,12238.0,111505.0,64005.0,8126.0,4530.0,102039.0,3459.0,105129.0,1025.0,4253.0,108923.0,108772.0,337.0,295.0,318.0,1222.0,472.0,2880.0,428.0,1052.0,710.0,1861.0,1792.0,2553.0,920.0,2236.0,3464.0,2049.0,4915.0,3640.0,5746.0,8262.0,13706.0,15436.0,397.0,15187.0,14154.0,12155.0,11508.0,266.0,13534.0,2500.0,644.0,9648.0,165.0,114.0,990.0,936.0,321.0,416.0,2927.0,4858.0,2499.0,2573.0,82.0,139.0,14.0,1.0,1906.0,690.0,4209.0,1615.0,19457.0,19462.0,24536.0,3582.0,45732.0,26758.0,12178.0,38987.0,85377.0,85377.0,85504.0,85504.0,370.0,194485.0,188.0,460.0,92.0,288.0,1768.0,2240.0,202868.0,5009.0,202470.0,1386.0,463.0,814.0,171483.0
2015-05-14,15654.0,27005.0,7205.0,7730.0,10414.0,19988.0,133.0,700.0,1576.0,3456.0,6074.0,5744.0,11817.0,1164.0,15938.0,24628.0,39661.0,35388.0,3756.0,42207.0,7173.0,8246.0,9086.0,231.0,111034.0,12420.0,113158.0,65782.0,8190.0,4616.0,104598.0,3415.0,107796.0,1018.0,4255.0,111759.0,111660.0,340.0,298.0,295.0,1164.0,468.0,2864.0,436.0,1056.0,724.0,1873.0,1776.0,2546.0,907.0,2216.0,3331.0,2047.0,4838.0,3707.0,5892.0,8355.0,13798.0,15464.0,377.0,15078.0,14024.0,11986.0,11355.0,256.0,13358.0,2500.0,665.0,9649.0,175.0,118.0,1020.0,946.0,313.0,386.0,2916.0,4792.0,2539.0,2510.0,79.0,134.0,14.0,1.0,1814.0,688.0,4165.0,1560.0,19390.0,19468.0,25121.0,3462.0,46162.0,27172.0,12008.0,39451.0,86604.0,86604.0,86732.0,86732.0,346.0,199183.0,166.0,419.0,91.0,261.0,1540.0,1978.0,207210.0,4988.0,206679.0,1353.0,450.0,800.0,178109.0
2015-05-15,16183.0,28704.0,7967.0,8160.0,10608.0,21090.0,137.0,714.0,1638.0,3545.0,6198.0,5847.0,12044.0,1166.0,16172.0,24674.0,40055.0,35528.0,3818.0,42511.0,6994.0,8030.0,8862.0,231.0,113693.0,12514.0,115312.0,67796.0,8216.0,4703.0,106981.0,3491.0,110156.0,1010.0,4308.0,114138.0,114033.0,358.0,296.0,266.0,1156.0,448.0,2848.0,444.0,1063.0,726.0,1870.0,1728.0,2538.0,896.0,2212.0,3223.0,2062.0,4671.0,3836.0,6070.0,8525.0,13979.0,15512.0,361.0,14840.0,13774.0,11743.0,11112.0,248.0,13129.0,2500.0,688.0,9650.0,202.0,132.0,1072.0,968.0,315.0,362.0,2938.0,4710.0,2587.0,2456.0,78.0,132.0,13.0,1.0,1868.0,701.0,4086.0,1560.0,19194.0,19328.0,25522.0,3525.0,46430.0,27678.0,11999.0,39925.0,87011.0,87011.0,87138.0,87138.0,328.0,202400.0,153.0,389.0,90.0,223.0,1405.0,1790.0,210517.0,4970.0,209982.0,1322.0,447.0,787.0,181216.0
2015-05-16,17193.0,28723.0,9018.0,8554.0,10736.0,23019.0,154.0,783.0,1726.0,3670.0,6429.0,6085.0,12514.0,1177.0,16599.0,25354.0,40561.0,35582.0,3881.0,42705.0,6910.0,7950.0,8734.0,228.0,116053.0,12649.0,118440.0,69688.0,8227.0,4804.0,109691.0,3540.0,112878.0,1008.0,4400.0,116940.0,116825.0,339.0,270.0,234.0,1138.0,295.0,2784.0,447.0,1056.0,726.0,1841.0,1638.0,2510.0,896.0,2229.0,3194.0,2138.0,4554.0,4062.0,6359.0,8835.0,14484.0,15558.0,346.0,14549.0,13455.0,11387.0,10766.0,244.0,12799.0,2500.0,712.0,9655.0,232.0,147.0,1152.0,1030.0,320.0,364.0,3034.0,4743.0,2602.0,2424.0,74.0,130.0,12.0,1.0,1984.0,722.0,4108.0,1629.0,19158.0,19310.0,27180.0,3654.0,47634.0,28341.0,12142.0,40545.0,88442.0,88442.0,88562.0,88562.0,314.0,205648.0,148.0,389.0,89.0,189.0,1392.0,1754.0,213509.0,4948.0,212869.0,1294.0,445.0,776.0,183777.0
2015-05-17, 18906, 28716, 9592, 8915, , 24019, 170, 869, 1836, 3838, 6785, 6461, 13246, 1182, 17310, 26228, 41304, 36773, 3924, 43536, 6850, 7925, 8717, 214, 118301, 12560, 120434, 70269, 8250, 4960, 112024, 3685, 115245, 1014, 4542, 119478, 119374, 310, 256, 206, 1166, 218, 2656, 457, 1049, 735, 1805, 1444, 2432, 900, 2232, 3190, 2216, 4544, 4330, 6661, 9237, 15176, 15609, 331, 14436, 13299, 11118, 10481, 242, 12472, 2500, 720, 9654, 255, 162, 1236, 1090, 338, 377, 3092, 4802, 2556, 2369, 70, 128, 12, 1, 2071, 742, 4216, 1630, 19217, 19382, 28698, 3632, 49102, 28818, 12202, 41092, 90543, 90543, 90660, 90660, 298, 210334, 135, 375, 87, 182, 1348, 1725, 218043, 4930, 217374, 1268, 443, 766, 186834
2015-05-18, 20316, 28620, 9810, 9032, , 24452, 182, 904, 1906, 3987, 7096, 6950, 14046, 1196, 18296, 26288, 42355, 39202, 3966, 45902, 6808, 7838, 8629, 213, 120538, 12420, 122304, 72066, 8337, 5132, 114232, 3793, 117470, 1019, 4687, 121860, 121762, 294, 250, 208, 1190, 190, 2592, 464, 1095, 744, 1917, 1358, 2290, 941, 2276, 3212, 2312, 4582, 4593, 6947, 9577, 15733, 15667, 317, 14459, 13298, 11054, 10391, 240, 12299, 2500, 711, 9637, 286, 184, 1310, 1163, 358, 376, 3107, 4848, 2513, 2318, 68, 126, 10, 1, 2154, 746, 4272, 1678, 19284, 19392, 29915, 3672, 50282, 29118, 12268, 41385, 92144, 92144, 92261, 92261, 287, 214490, 123, 340, 85, 173, 1270, 1641, 222248, 4907, 221644, 1246, 444, 757, 189202
2015-05-19, 21732, 28528, 9973, 9277, , 24786, 191, 923, 1948, 4082, 7255, 7118, 14373, 1196, 18970, 26463, 43474, 41003, 4008, 47793, 6678, 7710, 8520, 208, 122792, 12446, 125371, 75011, 8428, 5310, 116694, 3970, 119929, 1034, 4810, 124409, 124298, 285, 247, 206, 1214, 176, 2570, 473, 1166, 685, 2041, 1479, 2214, 929, 2234, 3149, 2374, 4664, 4863, 7229, 9836, 16057, 15745, 301, 14547, 13364, 11078, 10393, 233, 12279, 2500, 695, 9611, 318, 208, 1377, 1234, 372, 368, 3144, 4895, 2470, 2276, 63, 124, 9, 1, 2244, 753, 4292, 1726, 19316, 19383, 30966, 3734, 51303, 29448, 12114, 41718, 93620, 93620, 93736, 93736, 278, 218318, 114, 322, 83, 144, 1227, 1580, 225970, 4890, 225410, 1226, 445, 748, 192273
2015-05-20, 22901, 28432, 10132, 9578, , 25292, 202, 956, 2010, 4156, 7407, 7196, 14603, 1199, 19278, 26939, 44068, 41683, 4050, 48500, 6498, 7493, 8309, 200, 124112, 12440, 127766, 77578, 8544, 5485, 118569, 4126, 121907, 1041, 4947, 126644, 126569, 274, 240, 197, 1217, 167, 2568, 470, 1208, 640, 2077, 1542, 2272, 907, 2195, 3072, 2431, 4673, 5032, 7484, 10083, 16413, 15827, 288, 14656, 13462, 11160, 10448, 225, 12329, 2500, 680, 9586, 350, 232, 1434, 1293, 342, 366, 3186, 4954, 2427, 2228, 60, 121, 9, 1, 2292, 766, 4353, 1750, 19316, 19331, 32178, 3798, 52496, 29734, 11813, 41991, 94966, 94966, 95080, 95080, 271, 222211, 107, 332, 82, 128, 1264, 1585, 229800, 4868, 229274, 1207, 439, 741, 196156
2015-05-21, 23988, 28365, 9260, 9830, , 24844, 216, 1003, 2147, 4250, 7656, 7385, 15040, 1210, 19729, 27148, 44626, 42432, 4094, 49200, 6376, 7322, 8118, 200, 125030, 12344, 129035, 78954, 8692, 5616, 119227, 4179, 122688, 1026, 5043, 127705, 127685, 273, 238, 205, 1214, 160, 2571, 471, 1242, 612, 2070, 1569, 2350, 885, 2155, 2999, 2494, 4652, 5214, 7749, 10327, 16854, 15908, 277, 14694, 13491, 11208, 10492, 221, 12408, 2500, 662, 9558, 380, 256, 1458, 1340, 321, 342, 3131, 5003, 2384, 2189, 55, 120, 8, 1, 2267, 758, 4428, 1726, 19308, 19282, 33303, 3806, 54104, 30170, 11576, 42408, 96598, 96598, 96705, 96705, 263, 225653, 101, 339, 80, 144, 1312, 1648, 233381, 4851, 232912, 1192, 436, 733, 200529
2015-05-22, 24927, 26052, 8289, 10107, , 24082, 230, 1062, 2281, 4385, 8056, 7572, 15627, 1209, 20435, 26468, 45458, 43089, 4152, 49881, 6276, 7170, 7961, 190, 124194, 12201, 128908, 79041, 8836, 5715, 117595, 4298, 121172, 1043, 5104, 126484, 126556, 267, 234, 209, 1188, 152, 2578, 464, 1273, 582, 1936, 1502, 2393, 882, 2186, 3027, 2691, 4656, 5404, 8090, 10698, 17404, 15972, 267, 14740, 13519, 11217, 10477, 224, 12443, 2500, 647, 9529, 433, 294, 1476, 1375, 317, 320, 3086, 5050, 2341, 2150, 53, 118, 7, 1, 2271, 826, 4383, 1715, 19243, 19188, 34032, 3788, 54496, 30706, 11516, 42887, 97494, 97494, 97600, 97600, 258, 227231, 96, 320, 78, 157, 1258, 1619, 235448, 4836, 235109, 1176, 429, 726, 203898
2015-05-23, 25381, 24194, 7836, 10154, , 23648, 238, 1103, 2292, 4523, 8382, 7694, 16076, 1196, 21002, 25937, 46304, 43010, 4205, 49818, 6122, 7057, 7846, 178, 121660, 12042, 126766, 77188, 8875, 5778, 115632, 4367, 119291, 1022, 5151, 124745, 124838, 255, 221, 197, 1128, 143, 2577, 437, 1244, 545, 1964, 1440, 2364, 879, 2345, 3172, 2740, 4762, 5571, 8424, 11048, 17803, 16056, 253, 14781, 13543, 11231, 10462, 218, 12447, 2500, 636, 9506, 515, 355, 1466, 1399, 308, 331, 3024, 5107, 2298, 2102, 48, 117, 7, 1, 2161, 773, 4408, 1651, 19071, 19003, 34923, 3689, 54726, 31105, 11205, 43412, 98730, 98730, 98836, 98836, 246, 226885, 93, 282, 76, 141, 1162, 1528, 235110, 4814, 234849, 1162, 422, 727, 205148
2015-05-24, 26935, 24001, 8676, 9879, , 23996, 242, 1112, 2289, 4669, 8524, 7711, 16236, 1186, 21285, 25579, 46796, 42768, 4254, 49505, 5875, 6809, 7627, 170, 120637, 11918, 124228, 72492, 8810, 5822, 113244, 4460, 116774, 990, 5220, 122224, 122310, 244, 214, 190, 1111, 137, 2574, 430, 1240, 518, 2011, 1502, 2334, 851, 2406, 3191, 2852, 4918, 5574, 8596, 11129, 17940, 16128, 243, 14960, 13693, 11309, 10534, 208, 12488, 2500, 627, 9486, 579, 404, 1482, 1410, 306, 339, 3007, 5168, 2255, 2058, 46, 115, 5, 1, 2137, 750, 4336, 1594, 18864, 18815, 35221, 3494, 54473, 30827, 10674, 43168, 98514, 98514, 98620, 98620, 242, 225178, 90, 249, 74, 109, 1063, 1418, 233664, 4798, 233517, 1148, 426, 718, 203731
2015-05-25, 28492, 23848, 8726, 10103, , 24406, 260, 1208, 2384, 4736, 8644, 8089, 16733, 1197, 21667, 26697, 47209, 42805, 4294, 49430, 5798, 6658, 7420, 170, 122298, 11810, 124341, 71668, 8731, 5906, 113644, 4770, 116915, 978, 5344, 122101, 122059, 235, 212, 188, 1094, 130, 2574, 410, 1242, 492, 1891, 1462, 2360, 845, 2269, 3068, 3016, 5021, 5728, 8888, 11383, 18176, 16184, 232, 15146, 13868, 11472, 10702, 196, 12650, 2500, 614, 9463, 703, 497, 1512, 1445, 308, 333, 2990, 5234, 2212, 2020, 43, 114, 5, 1, 2106, 818, 4344, 1577, 18772, 18614, 36309, 3419, 54443, 31124, 10443, 43322, 98930, 98930, 99032, 99032, 240, 223167, 88, 235, 72, 80, 995, 1338, 231186, 4784, 231048, 1135, 433, 709, 198775
2015-05-26, 28792, 23722, 7998, 10692, , 24323, 274, 1351, 2494, 4798, 8940, 8706, 17646, 1180, 22650, 28122, 48098, 44065, 4334, 50419, 5699, 6569, 7359, 161, 123141, 11650, 124832, 72230, 8682, 6043, 114877, 5079, 118224, 1029, 5546, 123620, 123564, 221, 200, 187, 1050, 124, 2576, 397, 1220, 466, 1773, 1340, 2340, 836, 2402, 3172, 3015, 5053, 5893, 9145, 11587, 18427, 16216, 222, 15253, 14001, 11614, 10840, 184, 12822, 2500, 595, 9435, 822, 588, 1503, 1470, 299, 317, 2936, 5295, 2169, 1975, 38, 112, 4, 1, 2063, 752, 4380, 1538, 18718, 18506, 37436, 3910, 55354, 31475, 10069, 43194, 100366, 100366, 100463, 100463, 231, 225102, 85, 235, 71, 66, 943, 1278, 232436, 4774, 232202, 1124, 423, 701, 196967
2015-05-27, 28754, 21748, 7442, 10990, , 24033, 280, 1376, 2510, 4815, 9047, 8820, 17867, 1172, 23254, 28838, 49107, 45192, 4381, 51702, 5524, 6346, 7148, 159, 123141, 11503, 125060, 72439, 8655, 6149, 114866, 5180, 118317, 1022, 5707, 124040, 124042, 210, 194, 192, 1015, 119, 2573, 384, 1192, 445, 1667, 1229, 2259, 826, 2208, 2972, 3063, 5119, 5903, 9325, 11724, 18650, 16217, 214, 15284, 14131, 11725, 10866, 177, 12917, 2500, 578, 9405, 910, 658, 1470, 1461, 294, 314, 2884, 5367, 2126, 1937, 36, 109, 2, 1, 2073, 718, 4322, 1497, 18588, 18375, 38001, 3878, 55772, 31355, 9676, 42532, 100560, 100560, 100656, 100656, 226, 227090, 84, 216, 69, 69, 902, 1230, 234657, 4768, 234514, 1114, 428, 695, 198179
2015-05-28, 29014, 16163, 7221, 11174, , 23940, 290, 1345, 2602, 4817, 9082, 8918, 18001, 1157, 23422, 29622, 49643, 45119, 4422, 51742, 5350, 6142, 6939, 156, 121726, 11514, 124654, 72292, 8646, 6181, 114170, 5249, 117710, 1046, 5793, 123626, 123659, 200, 192, 192, 1007, 113, 2573, 371, 1173, 421, 1575, 1137, 2162, 820, 2166, 2929, 3188, 5043, 6097, 9606, 12012, 19004, 16224, 206, 15282, 14188, 11823, 10870, 173, 12952, 2500, 560, 9378, 989, 724, 1435, 1434, 286, 310, 2796, 5431, 2083, 1901, 34, 108, 2, 1, 1998, 792, 4332, 1438, 18447, 18209, 38269, 3569, 55480, 31364, 9318, 42072, 99878, 99878, 99974, 99974, 222, 226753, 81, 203, 67, 57, 865, 1187, 234574, 4756, 234552, 1106, 424, 689, 198249
2015-05-29, 29118, 14156, 7158, 10999, , 23712, 294, 1331, 2668, 4776, 9088, 9347, 18435, 1126, 23778, 30444, 50123, 44914, 4465, 51314, 5178, 5927, 6718, 150, 117450, 11358, 119961, 68088, 8652, 6156, 110424, 5298, 114299, 1098, 5892, 120743, 120917, 190, 187, 183, 974, 108, 2569, 361, 1112, 403, 1487, 1040, 2070, 811, 2402, 3182, 3274, 5096, 6425, 9948, 12384, 19426, 16227, 196, 15195, 14091, 11761, 10777, 167, 12933, 2500, 546, 9351, 1079, 800, 1500, 1458, 282, 280, 2718, 5495, 2040, 1857, 32, 106, 0, 1, 1965, 818, 4332, 1382, 18256, 18071, 38324, 3311, 54796, 31148, 8907, 41325, 98602, 98602, 98694, 98694, 217, 224498, 80, 194, 66, 44, 832, 1151, 232644, 4746, 232743, 1096, 422, 683, 197164
2015-05-30, 29359, 13899, 7002, 10876, , 23374, 298, 1387, 2638, 4719, 8982, 9831, 18813, 1094, 24261, 29584, 51020, 44964, 4514, 51376, 4987, 5708, 6510, 149, 116828, 11095, 116828, 64413, 8584, 6094, 107312, 5482, 110954, 1146, 6054, 117229, 117321, 190, 194, 188, 974, 104, 2571, 354, 1062, 392, 1419, 963, 1987, 804, 2166, 2984, 3298, 5302, 6530, 10222, 12675, 19686, 16209, 187, 15280, 14131, 11714, 10691, 164, 12862, 2500, 534, 9329, 1154, 866, 1585, 1556, 280, 283, 2641, 5565, 1997, 1815, 27, 105, 0, 1, 1946, 697, 5152, 1334, 17984, 18088, 38632, 3766, 54682, 31062, 8693, 40791, 98218, 98218, 98304, 98304, 216, 219817, 79, 186, 64, 40, 802, 1119, 228116, 4734, 228332, 1088, 436, 677, 192679
2015-05-31, 30381, 13820, 7072, 10668, , 23236, 306, 1496, 2614, 4672, 8966, 10186, 19152, 1070, 24740, 29265, 52002, 44906, 4558, 51322, 4857, 5504, 6285, 146, 118058, 10770, 116812, 63972, 8469, 5975, 106996, 5560, 110618, 1172, 6134, 116806, 116815, 180, 187, 185, 950, 99, 2577, 333, 1024, 382, 1366, 910, 1917, 794, 2022, 2826, 3134, 5262, 6371, 10263, 12693, 19462, 16197, 180, 15398, 14241, 11813, 10769, 161, 12917, 2500, 514, 9301, 1197, 908, 1605, 1597, 274, 280, 2534, 5629, 1954, 1778, 24, 104, 0, 1, 1919, 600, 5075, 1278, 17764, 18656, 38891, 3751, 55415, 31302, 8573, 40787, 98652, 98652, 98737, 98737, 208, 217770, 76, 178, 62, 36, 768, 1084, 225354, 4727, 225486, 1080, 418, 672, 188626
2015-06-01, 31250, 15612, 7132, 10350, , 23118, 306, 1559, 2582, 4616, 8944, 10158, 19102, 1037, 24972, 29272, 52775, 44989, 4604, 51255, 4634, 5484, 6132, 140, 118826, 10489, 116748, 73137, 8335, 5847, 111659, 5676, 113900, 1204, 6240, 118673, 118327, 173, 186, 175, 951, 95, 2574, 324, 986, 371, 1316, 857, 1866, 773, 1905, 2653, 3012, 5049, 6158, 10240, 12585, 19382, 16185, 172, 15262, 14107, 11776, 10725, 154, 12969, 2500, 492, 9268, 1212, 930, 1490, 1519, 270, 263, 2412, 5696, 1912, 1734, 22, 101, 0, 1, 1805, 546, 4820, 1187, 17495, 18374, 38407, 3869, 55304, 30838, 8137, 38590, 96016, 96016, 96101, 96101, 208, 216696, 76, 173, 60, 31, 742, 1052, 224507, 4722, 224713, 1074, 426, 667, 187675
2015-06-02, 31719, 25838, 7213, 10182, , 24032, 328, 1514, 2549, 4566, 8858, 10116, 18973, 1003, 24924, 28913, 53127, 46502, 4650, 52432, 4390, 5719, 6483, 137, 128853, 10297, 123724, 97187, 8218, 5796, 128942, 5648, 131534, 1149, 6422, 136200, 135540, 162, 173, 181, 890, 90, 2566, 313, 956, 359, 1276, 805, 1822, 755, 1830, 2544, 3104, 4768, 6035, 10387, 12718, 19131, 16170, 166, 14961, 13796, 11522, 10452, 150, 12819, 2500, 474, 9238, 1235, 958, 1480, 1444, 306, 255, 2338, 5690, 1868, 1691, 20, 99, 0, 1, 1735, 506, 4543, 1087, 17139, 17938, 37530, 3669, 55999, 30035, 7723, 34971, 91148, 91148, 91230, 91230, 202, 220142, 74, 169, 59, 28, 715, 1026, 225948, 4718, 225900, 1067, 439, 662, 190969
2015-06-03, 31825, 25531, 7359, 10068, , 24272, 340, 1450, 2533, 4502, 8652, 10016, 18667, 966, 24760, 28368, 53276, 48138, 4676, 54157, 4239, 5492, 6272, 134, 149088, 10013, 142234, 115770, 8107, 5768, 146721, 5423, 148511, 1154, 6521, 152530, 151718, 154, 167, 182, 856, 87, 2558, 302, 926, 346, 1237, 763, 1778, 731, 1746, 2426, 2980, 4577, 5982, 10583, 12908, 19185, 16156, 159, 14665, 13472, 11177, 10081, 144, 12504, 2500, 462, 9212, 1264, 992, 1538, 1498, 290, 254, 2277, 5644, 1826, 1645, 18, 98, 0, 1, 1718, 483, 4403, 1008, 16856, 17529, 36931, 3191, 54392, 29250, 7396, 33774, 91164, 91164, 91238, 91238, 197, 233883, 74, 166, 57, 26, 687, 992, 238907, 4713, 238686, 1060, 440, 658, 211436
2015-06-04, 32358, 25230, 7309, 10220, , 24292, 357, 1429, 2548, 4449, 8496, 9756, 18252, 920, 24502, 28240, 53267, 48243, 4653, 54200, 4001, 5172, 6000, 128, 153607, 9813, 144089, 119530, 8031, 5740, 158316, 5202, 161436, 1184, 6552, 167167, 166813, 148, 164, 180, 834, 84, 2555, 294, 896, 342, 1200, 719, 1740, 709, 1698, 2361, 2924, 4392, 5908, 10820, 13142, 19398, 16140, 152, 14423, 13205, 10877, 9744, 140, 12160, 2500, 448, 9189, 1316, 1044, 1560, 1520, 324, 259, 2198, 5592, 1782, 1593, 16, 96, 0, 1, 1694, 460, 4436, 956, 16746, 17292, 36737, 2935, 53018, 28646, 6938, 32617, 91855, 91855, 91929, 91929, 194, 253400, 73, 162, 56, 32, 660, 960, 257648, 4702, 257267, 1056, 443, 654, 226979
2015-06-05, 32580, 24944, 7434, 10355, , 24540, 370, 1433, 2576, 4401, 8403, 9489, 17892, 881, 24260, 29104, 53154, 47726, 4628, 53625, 3790, 4886, 5671, 128, 153011, 9671, 142964, 118384, 8009, 5690, 157892, 5205, 161466, 1129, 6439, 168063, 168110, 143, 162, 190, 836, 82, 2560, 290, 881, 342, 1176, 700, 1713, 688, 1611, 2247, 2877, 4229, 5847, 10957, 13354, 19593, 16128, 146, 14193, 12952, 10608, 9459, 134, 11879, 2500, 468, 9177, 1286, 1032, 1452, 1449, 293, 249, 2139, 5548, 1740, 1552, 16, 95, 0, 1, 1664, 435, 4318, 896, 16643, 17170, 36303, 2785, 52152, 28452, 6683, 31951, 90678, 90678, 90752, 90752, 194, 261180, 72, 158, 54, 44, 639, 935, 268138, 4693, 268346, 1052, 449, 650, 232502
2015-06-06, 32857, 24643, 7526, 10132, , 24403, 373, 1398, 2577, 4349, 8264, 9247, 17512, 846, 24064, 29168, 53103, 47352, 4604, 53140, 3639, 4730, 5488, 129, 150323, 9488, 142300, 117631, 8012, 5605, 155842, 5040, 159521, 1039, 6134, 166050, 166170, 138, 154, 196, 794, 78, 2557, 279, 869, 336, 1158, 688, 1700, 671, 1594, 2212, 2830, 4056, 5802, 11133, 13566, 19669, 16110, 142, 13984, 12722, 10358, 9173, 132, 11625, 2500, 549, 9220, 1234, 1000, 1348, 1324, 276, 260, 2116, 5502, 1697, 1523, 17, 93, 0, 1, 1662, 415, 4266, 858, 16467, 16948, 36095, 2693, 51388, 28641, 6624, 31968, 90200, 90200, 90274, 90274, 198, 259793, 72, 155, 53, 60, 618, 912, 267406, 4688, 267866, 1048, 449, 646, 230377
2015-06-07, 33100, 24374, 7568, 9770, , 24122, 390, 1394, 2548, 4294, 8110, 9048, 17158, 826, 23888, 28886, 53138, 46763, 4582, 52608, 3482, 4618, 5364, 129, 148017, 9355, 141420, 116839, 8000, 5447, 152550, 4726, 156135, 960, 5759, 162319, 162468, 135, 155, 212, 776, 75, 2561, 268, 858, 327, 1142, 687, 1693, 662, 1594, 2266, 2837, 3992, 5920, 11419, 13908, 20017, 16100, 136, 13778, 12490, 10110, 8890, 137, 11395, 2500, 640, 9287, 1218, 998, 1300, 1268, 281, 269, 2032, 5457, 1654, 1496, 18, 92, 0, 1, 1601, 394, 4217, 818, 16421, 16866, 35950, 2748, 50932, 28680, 6651, 31996, 90184, 90184, 90251, 90251, 195, 256798, 72, 155, 51, 76, 597, 892, 264642, 4683, 265202, 1044, 444, 642, 228172
2015-06-08, 32854, 24170, 7708, 9092, , 23672, 410, 1394, 2486, 4218, 7940, 8790, 16731, 796, 23607, 28935, 53114, 45940, 4556, 51680, 3405, 4620, 5338, 125, 146512, 9277, 140093, 115541, 7936, 5246, 150462, 4473, 153918, 896, 5651, 159817, 159903, 126, 147, 214, 723, 72, 2562, 249, 843, 313, 1119, 679, 1690, 664, 1562, 2288, 2818, 4028, 5975, 11566, 14061, 20262, 16089, 132, 13707, 12383, 9930, 8675, 138, 11189, 1250, 681, 9323, 1204, 997, 1496, 1398, 316, 265, 1994, 5415, 1611, 1460, 19, 90, 0, 1, 1596, 374, 4104, 777, 16366, 16774, 35342, 2714, 50330, 28376, 6550, 31635, 89391, 89391, 89455, 89455, 187, 253126, 69, 153, 50, 89, 579, 868, 260943, 4678, 261564, 1040, 424, 638, 226174
2015-06-09, 32600, 23949, 7765, 8638, , 23235, 416, 1362, 2398, 4126, 7748, 8394, 16143, 760, 23069, 28141, 52820, 44908, 4532, 50582, 3351, 4504, 5262, 120, 145664, 9012, 138848, 114274, 7830, 5013, 148812, 4167, 152186, 839, 5632, 158028, 158098, 116, 136, 208, 665, 69, 2551, 232, 815, 310, 1083, 639, 1682, 655, 1516, 2219, 2732, 4020, 5886, 11622, 14066, 20173, 16074, 125, 13696, 12352, 9866, 8577, 134, 11068, 0, 659, 9260, 1232, 1031, 1586, 1560, 285, 255, 1904, 5372, 1568, 1409, 15, 89, 0, 1, 1470, 353, 4028, 737, 16279, 16656, 34680, 2526, 49536, 27410, 6170, 30360, 87331, 87331, 87395, 87395, 180, 249450, 68, 148, 48, 99, 562, 846, 257292, 4673, 257972, 1036, 420, 634, 223506
2015-06-10, 32056, 23702, 7862, 8281, , 23063, 419, 1312, 2304, 4036, 7506, 7961, 15467, 722, 22332, 27616, 52260, 43530, 4507, 49124, 3264, 4363, 5129, 116, 143840, 8702, 136771, 112384, 7654, 4776, 146700, 4262, 150186, 900, 5574, 156066, 156162, 110, 130, 200, 634, 66, 2542, 222, 788, 317, 1049, 592, 1660, 628, 1438, 2076, 2658, 3890, 5618, 11560, 13922, 19872, 16052, 120, 13603, 12253, 9793, 8497, 130, 11020, 0, 623, 8460, 1226, 1036, 1600, 1555, 281, 243, 1824, 5327, 1525, 1364, 11, 88, 0, 1, 1370, 336, 3816, 677, 16120, 16484, 33478, 2397, 48366, 26103, 5889, 28684, 84476, 84476, 84540, 84540, 178, 245148, 68, 143, 46, 105, 540, 825, 253090, 4662, 253840, 1036, 427, 631, 220160
2015-06-11, 31118, 23383, 7687, 7912, , 22517, 424, 1283, 2203, 3977, 7329, 7630, 14960, 672, 21570, 27152, 51472, 42241, 4484, 47717, 3200, 4137, 4908, 110, 141484, 8381, 133480, 109169, 7463, 4563, 143510, 4380, 147077, 868, 5195, 152755, 152914, 105, 129, 198, 626, 65, 2536, 213, 775, 317, 1029, 556, 1626, 602, 1386, 1985, 2610, 3684, 5408, 11503, 13842, 19656, 16024, 117, 13385, 12028, 9611, 8333, 127, 10928, 0, 597, 7270, 1280, 1094, 1644, 1603, 323, 256, 1788, 5284, 1482, 1320, 11, 85, 0, 1, 1334, 321, 3729, 626, 15552, 15960, 32347, 2300, 46716, 24841, 5440, 26874, 81200, 81200, 81257, 81257, 169, 239606, 66, 138, 45, 110, 522, 800, 247768, 4654, 248616, 1036, 434, 627, 215554
2015-06-12, 30293, 23066, 7426, 7756, , 22056, 420, 1239, 2093, 3892, 7116, 7298, 14414, 626, 20818, 25896, 50691, 40930, 4459, 46362, 3097, 3928, 4704, 107, 139026, 8092, 131126, 106598, 7243, 4443, 140493, 4309, 144003, 825, 4777, 149205, 149346, 98, 125, 204, 628, 62, 2544, 207, 768, 313, 1016, 550, 1598, 577, 1356, 1937, 2559, 3524, 5408, 11514, 13858, 19592, 16006, 112, 13122, 11744, 9330, 8061, 123, 10728, 0, 571, 6885, 1265, 1092, 1478, 1606, 288, 255, 1694, 5241, 1439, 1280, 9, 84, 0, 1, 1256, 305, 3725, 577, 14220, 14753, 31508, 2214, 44792, 23693, 5126, 25252, 76570, 76570, 76624, 76624, 167, 232040, 66, 134, 43, 118, 500, 776, 240503, 4647, 241478, 1036, 432, 624, 209012
2015-06-13, 30109, 22914, 7434, 7663, , 21933, 433, 1243, 2010, 3806, 6920, 7004, 13923, 591, 20130, 25152, 49863, 39462, 4438, 44897, 2973, 3714, 4479, 109, 134970, 7787, 132325, 107294, 7084, 4366, 135985, 4029, 139606, 762, 4406, 144683, 144902, 95, 119, 208, 589, 61, 2542, 196, 755, 309, 998, 542, 1588, 552, 1304, 1875, 2516, 3397, 5282, 11415, 13712, 19373, 15984, 107, 12920, 11516, 9064, 7781, 118, 10478, 0, 540, 6788, 1154, 1006, 1296, 1486, 259, 238, 1608, 5198, 1396, 1248, 8, 83, 0, 1, 1186, 291, 3691, 538, 13323, 13713, 30481, 2139, 42496, 22858, 5059, 24221, 73158, 73158, 73211, 73211, 165, 224230, 66, 132, 42, 132, 485, 757, 232549, 4635, 233554, 1034, 426, 620, 202338
2015-06-14, 30323, 22865, 7534, 7198, , 21681, 442, 1268, 1946, 3736, 6824, 6806, 13631, 554, 19649, 24728, 49063, 38357, 4418, 43752, 2880, 3558, 4306, 112, 133000, 7449, 131958, 107488, 6916, 4210, 132262, 3725, 135659, 712, 4100, 140194, 140348, 89, 112, 204, 560, 58, 2534, 184, 741, 304, 978, 515, 1582, 530, 1234, 1793, 2416, 3246, 5096, 11281, 13501, 19012, 15956, 103, 12728, 11307, 8842, 7554, 112, 10262, 0, 515, 6733, 1097, 966, 1204, 1262, 246, 224, 1498, 5155, 1353, 1213, 8, 82, 0, 1, 1148, 278, 3657, 499, 12983, 13318, 29406, 2069, 40692, 22296, 5110, 23647, 70738, 70738, 70788, 70788, 162, 216538, 64, 129, 40, 140, 468, 740, 224806, 4628, 225865, 1030, 422, 616, 198459
2015-06-15, 29399, 25725, 7456, 6799, , 21289, 438, 1245, 1880, 3658, 6698, 6587, 13285, 517, 19238, 23908, 48430, 37657, 4393, 42939, 2801, 3441, 4179, 108, 132000, 7112, 129760, 105292, 6728, 4008, 130171, 3432, 133441, 663, 3830, 137548, 137642, 84, 105, 200, 516, 56, 2526, 170, 724, 310, 950, 484, 1567, 505, 1156, 1689, 2328, 3064, 4924, 11216, 13339, 18690, 15926, 99, 12505, 11068, 8604, 7344, 106, 10077, 0, 493, 6691, 1070, 952, 1149, 1214, 236, 210, 1402, 5116, 1320, 1167, 7, 79, 0, 1, 1050, 266, 3612, 467, 12765, 13120, 28390, 1997, 39325, 21592, 5063, 22991, 68598, 68598, 68641, 68641, 156, 210558, 64, 126, 39, 145, 448, 715, 218449, 4623, 219489, 1031, 426, 613, 196157
2015-06-16, 28247, 27628, 7237, 6544, , 20779, 425, 1196, 1798, 3566, 6510, 6317, 12826, 488, 18591, 22710, 47584, 36683, 4323, 41849, 2774, 3373, 4090, 103, 130557, 6759, 127861, 103364, 6508, 3781, 128106, 3168, 131371, 625, 3604, 135286, 135386, 79, 96, 204, 478, 54, 2526, 160, 704, 312, 919, 456, 1542, 482, 1089, 1591, 2232, 2841, 4726, 11124, 13140, 18338, 15894, 95, 12241, 10792, 8336, 7114, 98, 9876, 0, 471, 6650, 1045, 938, 1101, 1226, 227, 203, 1309, 5082, 1317, 1150, 8, 78, 0, 1, 965, 254, 3574, 437, 12579, 12950, 27012, 1932, 38016, 20220, 4790, 21755, 65848, 65848, 65892, 65892, 152, 205814, 63, 121, 37, 156, 431, 693, 213623, 4618, 214689, 1034, 429, 610, 192603
2015-06-17, 27594, 27478, 7086, 6428, , 20498, 423, 1143, 1713, 3468, 6270, 5999, 12269, 460, 17808, 21371, 46491, 35432, 4151, 40369, 2697, 3304, 4037, 102, 128711, 6416, 125966, 101488, 6244, 3562, 125551, 3030, 128816, 592, 3418, 132592, 132709, 78, 88, 207, 451, 53, 2532, 155, 678, 320, 887, 422, 1515, 470, 1037, 1544, 2158, 2664, 4572, 10976, 12976, 18024, 15858, 90, 11974, 10518, 8040, 6853, 92, 9625, 0, 450, 6604, 1010, 916, 1056, 1098, 216, 204, 1222, 5048, 1318, 1150, 8, 77, 0, 1, 943, 244, 3488, 417, 12434, 12830, 25682, 1868, 36633, 18939, 4619, 20399, 62780, 62780, 62822, 62822, 143, 200286, 62, 118, 36, 159, 418, 670, 208071, 4610, 209177, 1030, 426, 607, 188620
2015-06-18, 27316, 27368, 6964, 6245, , 20183, 430, 1142, 1664, 3388, 6108, 5875, 11983, 438, 17280, 20696, 45360, 34117, 3975, 38742, 2594, 3188, 3922, 100, 126572, 6116, 123708, 99279, 6000, 3406, 122679, 3056, 125949, 570, 3301, 129634, 129761, 75, 80, 207, 447, 51, 2547, 149, 654, 321, 861, 400, 1488, 459, 967, 1453, 2109, 2514, 4416, 10800, 12778, 17719, 15826, 87, 11762, 10305, 7791, 6630, 85, 9339, 0, 423, 6552, 968, 888, 1012, 1000, 205, 194, 1138, 5010, 1321, 1142, 7, 74, 0, 1, 864, 233, 3424, 396, 12299, 12691, 24510, 1807, 35424, 17850, 4456, 19291, 60197, 60197, 60232, 60232, 138, 194685, 62, 115, 34, 154, 404, 649, 202218, 4604, 203302, 1034, 426, 604, 183283
2015-06-19, 27658, 27258, 6782, 6044, , 19824, 415, 1106, 1592, 3306, 5962, 5760, 11722, 410, 16863, 19877, 44441, 33228, 3798, 37420, 2510, 3091, 3818, 94, 124414, 5786, 121299, 96868, 5826, 3284, 119723, 2970, 122970, 544, 3168, 126532, 126662, 70, 72, 206, 411, 49, 2554, 138, 631, 320, 835, 376, 1464, 457, 905, 1349, 2053, 2339, 4241, 10623, 12554, 17376, 15794, 84, 11561, 10110, 7584, 6448, 74, 9087, 0, 397, 6507, 929, 862, 970, 930, 196, 180, 1050, 4974, 1324, 1135, 7, 73, 0, 1, 766, 222, 3316, 374, 12144, 12545, 23332, 1751, 34285, 16783, 4163, 18232, 57711, 57711, 57743, 57743, 130, 189126, 61, 112, 32, 148, 391, 628, 196451, 4596, 197519, 1036, 437, 601, 178041
2015-06-20, 26929, 27134, 6498, 5838, , 19309, 401, 1043, 1498, 3218, 5743, 5522, 11265, 390, 16232, 18663, 43376, 32316, 3622, 36209, 2432, 3007, 3728, 90, 122368, 5449, 119132, 94584, 5648, 3109, 116819, 2755, 120049, 510, 3002, 123447, 123577, 67, 65, 203, 359, 48, 2564, 129, 610, 323, 808, 350, 1446, 457, 831, 1243, 1970, 2158, 4106, 10480, 12349, 17046, 15764, 80, 11338, 9894, 7366, 6260, 62, 8849, 0, 378, 6466, 902, 845, 933, 871, 188, 181, 978, 4940, 1326, 1124, 8, 70, 0, 1, 727, 213, 3198, 359, 11934, 12355, 22180, 1696, 33094, 15642, 3819, 17087, 55091, 55091, 55123, 55123, 117, 183451, 60, 108, 30, 140, 375, 603, 190574, 4582, 191624, 1038, 440, 599, 172556
2015-06-21, 26220, 27020, 6232, 5674, , 18704, 397, 1025, 1423, 3129, 5536, 5303, 10838, 372, 15556, 17460, 42137, 33997, 3448, 36821, 2356, 2926, 3643, 88, 120179, 5144, 117103, 91464, 5405, 2935, 112910, 2713, 116192, 482, 2878, 119589, 119762, 65, 60, 210, 335, 46, 2584, 120, 590, 321, 784, 340, 1428, 458, 806, 1213, 1912, 1998, 3983, 10390, 12253, 16836, 15736, 76, 11115, 9676, 7136, 6055, 49, 8608, 0, 360, 6430, 878, 832, 898, 824, 181, 189, 922, 4907, 1328, 1122, 7, 69, 0, 1, 698, 205, 3106, 347, 11742, 12171, 21147, 1641, 31926, 14734, 3530, 16133, 52702, 52702, 52731, 52731, 105, 177614, 60, 104, 29, 136, 358, 578, 184556, 4571, 185592, 1038, 439, 596, 166962
2015-06-22, 25882, 26922, 6010, 5494, , 18006, 394, 1021, 1376, 3055, 5390, 5160, 10550, 356, 15055, 16394, 41008, 38192, 3274, 40827, 2284, 2847, 3562, 87, 117884, 4922, 117026, 90888, 5170, 2801, 109797, 2663, 112983, 461, 2776, 116144, 116273, 64, 56, 223, 301, 45, 2600, 113, 572, 324, 762, 332, 1418, 457, 772, 1182, 1889, 1906, 3920, 10318, 12168, 16670, 15710, 74, 10926, 9484, 6917, 5858, 39, 8366, 0, 338, 6388, 856, 819, 865, 785, 174, 183, 869, 4874, 1330, 1124, 8, 68, 0, 1, 645, 196, 3041, 332, 11609, 12036, 20246, 1590, 30918, 13755, 3340, 15181, 50489, 50489, 50512, 50512, 100, 171465, 60, 101, 27, 136, 347, 558, 178180, 4564, 179205, 1035, 432, 594, 161226
2015-06-23, 25836, 24496, 5936, 5384, , 17531, 386, 998, 1322, 2980, 5237, 4995, 10232, 344, 14644, 15629, 40192, 37371, 3103, 40060, 2218, 2777, 3485, 86, 115842, 4753, 119298, 93170, 4971, 2691, 107028, 2551, 110168, 436, 2678, 113204, 113323, 63, 52, 236, 280, 44, 2620, 108, 553, 321, 743, 333, 1413, 458, 702, 1104, 1832, 1826, 3774, 10131, 11894, 16302, 15686, 69, 10801, 9358, 6753, 5715, 31, 8146, 0, 321, 6351, 824, 798, 827, 739, 166, 168, 810, 4839, 1333, 1119, 8, 66, 0, 0, 577, 188, 2956, 317, 11468, 11913, 19382, 1541, 30036, 12866, 3201, 14254, 48442, 48442, 48463, 48463, 93, 166097, 59, 98, 25, 131, 332, 537, 172466, 4556, 173439, 1032, 431, 591, 157328
2015-06-24, 25728, 21824, 5808, 5161, , 16917, 366, 953, 1250, 2892, 5051, 4746, 9797, 332, 14144, 15212, 39352, 36172, 2972, 38684, 2155, 2712, 3416, 86, 114001, 4548, 118482, 92759, 4793, 2550, 104542, 2342, 107631, 405, 2531, 110496, 110606, 61, 48, 244, 252, 42, 2634, 101, 535, 314, 724, 328, 1413, 457, 635, 1006, 1751, 1690, 3562, 9871, 11526, 15766, 15663, 67, 10668, 9235, 6624, 5616, 31, 7987, 0, 308, 6316, 789, 772, 795, 693, 159, 157, 766, 4808, 1336, 1114, 8, 65, 0, 1, 582, 182, 2853, 308, 11300, 11762, 18510, 1493, 29155, 11941, 3063, 13371, 46422, 46422, 46443, 46443, 87, 161252, 58, 95, 24, 130, 320, 513, 167349, 4541, 168282, 1024, 424, 588, 156349
2015-06-25, 25622, 21698, 5702, 5019, , 16387, 359, 909, 1189, 2800, 4864, 4506, 9370, 324, 13546, 14764, 38431, 34988, 2844, 37312, 2098, 2644, 3345, 88, 112002, 4339, 116298, 90627, 4607, 2410, 102028, 2169, 105087, 381, 2408, 107836, 107948, 61, 46, 244, 226, 42, 2649, 95, 519, 321, 710, 321, 1414, 458, 599, 971, 1700, 1550, 3405, 9676, 11303, 15362, 15642, 65, 10486, 9062, 6461, 5490, 31, 7850, 0, 293, 6283, 760, 751, 767, 658, 154, 167, 729, 4776, 1338, 1116, 8, 62, 0, 1, 575, 175, 2777, 302, 11156, 11615, 17725, 1451, 28284, 11099, 3129, 12431, 44372, 44372, 44388, 44388, 80, 156477, 58, 91, 22, 129, 306, 495, 162362, 4532, 163274, 1017, 431, 586, 154171
2015-06-26, 24992, 17111, 5531, 4814, , 15754, 357, 883, 1130, 2736, 4718, 4378, 9096, 304, 13076, 14374, 37468, 33748, 2713, 35726, 2042, 2581, 3278, 82, 109743, 4113, 115812, 89793, 4411, 2272, 99288, 2059, 102336, 361, 2309, 105018, 105140, 58, 42, 240, 207, 40, 2661, 90, 502, 320, 694, 308, 1413, 458, 566, 936, 1664, 1458, 3306, 9552, 11160, 15137, 15623, 62, 10322, 8899, 6278, 5335, 32, 7672, 0, 274, 6246, 742, 740, 740, 619, 149, 185, 696, 4744, 1340, 1111, 8, 61, 0, 1, 581, 169, 2714, 296, 11054, 11502, 17015, 1404, 27508, 10754, 3049, 12049, 43010, 43010, 43022, 43022, 70, 152073, 57, 87, 20, 126, 296, 474, 157652, 4524, 158526, 1019, 430, 584, 150351
2015-06-27, 24026, 16571, 5172, 4658, , 14937, 343, 857, 1080, 2669, 4577, 4239, 8816, 292, 12720, 13770, 36628, 32620, 2588, 34414, 1987, 2522, 3217, 79, 106608, 3907, 115091, 89398, 4194, 2145, 95988, 2036, 99073, 346, 2243, 101770, 101918, 56, 38, 253, 191, 40, 2677, 86, 486, 319, 680, 306, 1408, 458, 529, 892, 1625, 1382, 3216, 9428, 11006, 14894, 15604, 60, 10202, 8780, 6130, 5204, 32, 7489, 0, 262, 6212, 940, 948, 720, 594, 144, 190, 674, 4712, 1342, 1108, 8, 61, 0, 1, 522, 163, 2644, 287, 10938, 11389, 16342, 1365, 26809, 9950, 2868, 11354, 41441, 41441, 41452, 41452, 60, 147751, 57, 84, 19, 129, 286, 458, 153184, 4517, 154048, 1018, 430, 583, 147278
2015-06-28, 23740, 15540, 4938, 4526, , 14254, 327, 829, 1024, 2596, 4434, 4048, 8483, 286, 12308, 13090, 35852, 31369, 2462, 33034, 1933, 2459, 3153, 80, 104086, 3753, 112346, 86760, 3966, 2033, 92405, 2016, 95428, 333, 2202, 98058, 98204, 56, 36, 262, 178, 38, 2692, 82, 470, 315, 665, 310, 1407, 458, 474, 832, 1587, 1302, 3087, 9265, 10805, 14583, 15587, 57, 10093, 8677, 6010, 5101, 32, 7338, 0, 252, 6183, 909, 924, 690, 564, 138, 180, 634, 4678, 1344, 1114, 8, 60, 0, 1, 518, 156, 2576, 281, 10839, 11280, 15681, 1330, 26102, 9142, 2705, 10500, 39706, 39706, 39716, 39716, 57, 142565, 57, 82, 17, 134, 277, 443, 147924, 4510, 148806, 1012, 418, 580, 144872
2015-06-29, 23532, 13811, 4738, 4304, , 14200, 316, 805, 971, 2523, 4298, 3906, 8203, 276, 11872, 12543, 35025, 30051, 2334, 31584, 1881, 2402, 3091, 78, 101142, 3597, 109462, 83878, 3808, 1930, 89448, 1959, 92458, 322, 2117, 94988, 95119, 55, 34, 270, 167, 37, 2711, 79, 457, 318, 652, 312, 1410, 457, 414, 760, 1540, 1202, 2916, 9072, 10573, 14251, 15571, 54, 9976, 8568, 5894, 5005, 31, 7203, 0, 235, 6148, 775, 796, 665, 533, 131, 166, 601, 4646, 1347, 1109, 8, 57, 0, 1, 498, 151, 2483, 279, 10731, 11175, 15088, 1292, 25426, 8623, 2570, 9922, 38326, 38326, 38330, 38330, 52, 137518, 56, 78, 16, 137, 267, 428, 142546, 4503, 143388, 1005, 414, 584, 140802
2015-06-30, 23285 , 13407 , 4680 , 4232 ,  , 14040 , 303 , 788 , 931 , 2432 , 4148 , 3790 , 7938 , 268 , 11570 , 12077 , 34253 , 29119 , 2222 , 30401 , 1833 , 2358 , 3042 , 75 , 98384 , 3509 , 106699 , 81088 , 3703 , 1849 , 86063 , 1906 , 89078 , 312 , 2051 , 91627 , 91795 , 54 , 32 , 277 , 157 , 36 , 2724 , 76 , 446 , 309 , 643 , 315 , 1413 , 457 , 355 , 688 , 1493 , 1098 , 2762 , 8891 , 10290 , 13896 , 15522 , 52 , 9859 , 8458 , 5783 , 4900 , 30 , 7068 , 0 , 223 , 6118 , 729 , 756 , 639 , 505 , 125 , 155 , 579 , 4618 , 1350 , 1106 , 8 , 56 , 0 , 1 , 446 , 145 , 2381 , 274 , 10604 , 11029 , 14556 , 1260 , 24754 , 8217 , 2446 , 9515 , 37224 , 37224 , 37224 , 37224 , 47 , 133598 , 56 , 76 , 14 , 138 , 259 , 414 , 138452 , 4497 , 139270 , 996 , 412 , 589 , 136256 
